seq_id	AQR_K562	PRPF8_HepG2	AQR_HepG2	PRPF8_K562	SF3B4_K562	EFTUD2_HepG2	U2AF1_K562	U2AF2_K562	U2AF2_HepG2	GPKOW_K562	U2AF1_HepG2	SND1_K562
chr1:11802880:-:chr1:11802880:C>T	-19.5707	-2.7539	-12.4270	-2.4687	-4.0811	-1.7882	0.1338	-0.0654	0.1690	-1.9537	0.4004	2.0488
chr1:26731605:+:chr1:26731605:G>C	-28.4687	-6.4962	-13.4747	-6.3353	-11.3234	-4.0280	1.3209	1.2383	1.4628	-4.4480	3.6770	7.0391
chr1:26767787:+:chr1:26767787:C>G	-1.0610	-1.0603	-0.6285	-0.6906	-1.9377	-0.5413	-1.1473	-1.4791	-1.6376	-1.0276	-1.0084	3.0720
chr1:26772633:+:chr1:26772633:G>A	-39.7219	-13.1197	-15.3297	-9.0958	-8.2700	-2.9350	2.9822	2.5023	2.5181	-4.4279	3.6401	3.7243
chr1:26773899:+:chr1:26773899:G>A	-26.6538	-10.5693	-16.1840	-10.3831	-8.7731	-3.9260	1.9939	1.1865	1.2603	-4.9298	4.3505	11.9453
chr1:26773899:+:chr1:26773899:G>C	-26.7661	-10.6111	-16.4381	-10.6553	-8.8755	-4.0308	1.5269	0.8287	0.9135	-5.1159	3.6443	10.9439
chr1:26773899:+:chr1:26773899:G>T	-25.9615	-9.7085	-15.3955	-8.8886	-8.5037	-3.3652	2.9069	2.1323	2.4801	-4.4055	5.1230	14.9729
chr1:26775575:+:chr1:26775575:A>T	-0.3998	0.6761	0.1724	0.2321	1.1413	0.2492	-1.1929	-1.1989	-0.7262	-0.3554	-0.9148	1.6380
chr1:46196730:-:chr1:46196730:C>T	-18.6199	-7.4030	-10.9571	-5.8086	-6.2309	-2.9314	0.5352	0.1159	-0.1242	-2.5587	0.8023	1.9580
chr1:50970498:+:chr1:50970498:G>T	-13.2407	-3.9493	-7.1650	-1.8306	-3.6261	-1.0086	-0.2416	-0.1406	0.6224	-1.9573	0.4423	0.4582
chr1:75732642:+:chr1:75732642:A>G	0.1586	0.6264	0.4484	0.6597	-0.1544	0.1016	-0.4478	-0.0972	0.9596	0.0093	0.9127	-2.0355
chr1:75734789:+:chr1:75734789:A>G	-0.8185	-0.3105	-0.8416	-0.5918	-0.7864	0.3310	-0.1694	-1.0905	-0.8729	-0.7267	1.2994	1.4465
chr1:75750450:+:chr1:75750450:G>A	4.1954	0.7488	3.1530	2.5378	2.9896	-0.5648	-4.3932	-2.6511	-2.8373	0.3208	-3.7223	-2.9316
chr1:77964252:-:chr1:77964252:A>C	-2.0751	-3.4466	-2.0817	-1.6700	-0.5354	-0.4058	-2.5666	-1.3666	-0.2473	-0.3192	-0.7301	0.2008
chr1:92833539:+:chr1:92833539:T>G	1.5575	0.8733	-0.4445	8.5073	-1.8221	0.3471	-2.6944	-3.1615	-2.5484	0.4483	0.4107	11.5671
chr1:92834778:+:chr1:92834778:G>A	2.0878	0.2947	1.4142	0.9788	4.6676	-0.8145	-0.3996	0.9279	0.8340	0.6591	-0.8934	-3.4877
chr1:108924216:+:chr1:108924216:T>C	-12.5461	-2.3848	-8.5377	-1.3037	-2.4784	-1.0954	-0.2631	-0.5364	-0.3385	-0.9141	-0.2523	-0.4521
chr1:154990526:+:chr1:154990526:C>T	-10.7889	-2.3064	-8.0439	-2.7771	-3.0940	-0.7420	0.6266	2.0273	2.6479	-1.0953	0.7978	-0.3660
chr1:154992790:+:chr1:154992790:A>G	-1.7535	-1.7257	-2.0050	-0.4033	-0.2195	1.2261	2.1197	2.0659	2.2972	0.5994	1.6853	1.3240
chr1:161203435:+:chr1:161203435:A>G	-0.6368	0.1571	-0.2652	-0.1576	-0.4671	-0.0842	-0.0059	0.0666	0.0752	-0.1597	0.1053	0.0814
chr1:161212480:+:chr1:161212480:G>A	-9.3540	-4.9466	-6.9461	-2.8572	-3.0675	-0.8380	1.5595	1.4356	1.0023	-1.2119	-0.4707	-2.4010
chr1:161213926:+:chr1:161213926:G>A	-11.9433	-4.5426	-8.1236	-3.3507	-5.6635	-2.9027	-0.0565	-0.0856	0.1972	-4.6210	0.4605	2.1864
chr1:182385558:-:chr1:182385558:T>C	-0.8310	-0.1234	-0.7940	-0.7054	-0.3558	-0.3903	-0.8285	-0.5434	-0.1086	-0.5095	-1.2596	-1.3135
chr1:182386404:-:chr1:182386404:T>C	-0.9633	-1.5040	-1.1810	-0.8262	-0.6160	0.0432	-3.1299	-2.7540	-1.9070	-2.2544	-2.6500	0.7407
chr1:193233155:+:chr1:193233155:G>A	-12.2022	-4.3181	-8.8250	-2.7238	-2.9465	-2.1309	0.2736	0.4792	1.0944	-1.9052	1.2414	1.6671
chr1:235175183:-:chr1:235175183:C>A	-6.9284	-8.1049	-6.9238	-2.7711	-11.1425	-1.4733	-0.4082	0.0649	1.0844	-1.8382	0.1058	0.2057
chr10:3780231:-:chr10:3780231:T>C	-1.2940	-0.2158	-1.1736	-0.3009	0.0583	-0.2343	-0.3143	-0.1577	-0.2507	-0.8969	-0.3123	-2.7896
chr10:3782215:-:chr10:3782215:C>G	-0.0405	0.0301	0.2658	0.1173	1.0154	-0.3771	-0.3815	0.0469	0.4594	-0.4003	-0.1223	-0.8136
chr10:12089256:+:chr10:12089256:G>T	-15.2743	-5.0182	-11.3304	-3.3814	-4.0969	-1.4795	-1.0844	-0.9800	-0.5243	-1.5470	-1.4494	-0.7429
chr10:87931044:+:chr10:87931044:A>G	-1.6876	0.8407	-1.3017	3.7018	-3.0329	1.7458	-2.7167	-2.9881	-2.8753	-1.8571	-1.1369	4.1501
chr10:87933252:+:chr10:87933252:G>A	-12.8035	-5.6249	-4.6768	-3.1303	-4.9337	-2.7533	-2.0138	-1.9868	-1.3041	-2.2262	-2.7284	-4.7276
chr10:87952116:+:chr10:87952116:A>G	0.0913	0.4264	-0.1564	-0.0890	0.4053	-0.0665	-0.0364	-0.0274	-0.0717	0.0666	0.0147	-0.7713
chr10:87957850:+:chr10:87957850:C>G	-1.4596	-1.8587	-0.7994	-0.5277	-0.2173	-0.3890	-0.0552	-0.0460	-0.0343	-0.2388	0.1483	0.9091
chr10:87957850:+:chr10:87957850:C>A	-0.9872	-1.6158	-0.3510	-0.0785	-0.4817	-0.3550	-0.2776	-0.1526	-0.1029	-0.4102	-0.0219	1.2383
chr10:87957851:+:chr10:87957851:A>C	0.4736	0.2652	0.2687	0.2789	0.5564	-0.1919	-0.2484	-0.0587	0.1474	-0.0618	-0.0840	-0.0901
chr10:87957852:+:chr10:87957852:G>C	0.1315	0.2685	0.1569	0.1078	0.7020	-0.6042	-0.2201	-0.0010	0.3908	-0.4038	0.0210	-1.1956
chr10:87958020:+:chr10:87958020:G>T	-9.3285	-3.2608	-5.1051	-1.7791	-5.5224	-2.8153	-1.8220	-0.8770	3.1410	-1.9870	-1.5327	-1.4892
chr10:87961118:+:chr10:87961118:G>A	-8.3084	-6.3884	-3.6292	-5.7245	-1.8622	-2.0192	-2.2206	-1.9493	-1.5543	-2.1295	-3.5146	-3.2156
chr10:87961119:+:chr10:87961119:G>A	-8.0519	-3.2118	-2.6428	-2.4917	-1.3469	-1.4201	-1.7548	-1.4185	-1.4289	-1.2436	-3.0740	-2.1881
chr10:87961119:+:chr10:87961119:G>C	-8.3980	-3.0999	-2.6988	-2.2775	-1.1863	-1.1254	-1.1504	-0.9570	-0.8107	-0.7995	-2.3966	-2.0211
chr10:87961119:+:chr10:87961119:G>T	-8.0545	-3.2718	-2.8178	-2.6984	-1.5403	-1.9185	-1.9027	-1.5069	-1.2616	-1.6790	-3.7409	-2.5028
chr10:87961120:+:chr10:87961120:T>G	-6.3339	-1.3666	-1.3650	-0.7335	-0.6714	-0.8898	-0.8668	-0.7290	-0.7243	-0.5729	-1.6633	-1.4071
chr10:87965285:+:chr10:87965285:A>T	2.3108	0.2913	2.7540	8.0753	1.9867	2.0096	-1.5561	1.3590	2.2342	-1.0952	2.1140	3.6512
chr10:89010538:+:chr10:89010538:G>C	1.3212	-0.1460	4.8677	4.2772	2.3639	1.9237	0.4887	1.6423	1.1698	2.0761	2.1078	-2.6493
chr10:102630065:+:chr10:102630065:G>A	-0.6176	-0.9254	-0.9934	0.2237	-0.1710	0.4754	-0.3848	0.1537	0.4073	-0.1016	-0.0227	0.7168
chr10:110601132:+:chr10:110601132:T>C	-6.7277	0.9094	-0.6754	-0.0900	-0.8052	-0.0559	-0.1983	-0.1635	0.2160	-0.3136	-0.5422	0.4665
chr10:133366994:-:chr10:133366994:C>A	-1.0578	-0.3055	0.8134	0.1157	1.7444	0.7464	-1.1990	-0.9154	-0.7256	0.1744	-0.5554	2.5743
chr10:133370033:-:chr10:133370033:T>C	-1.0999	1.2840	-0.4048	-0.5238	-1.1999	-0.9622	-0.4644	-0.5428	-0.7743	-1.3629	0.5092	0.4401
chr11:721563:+:chr11:721563:A>T	1.6930	0.9887	0.9643	0.8074	0.4164	0.9632	-0.3791	0.3117	0.5866	0.5305	-0.5533	-1.7249
chr11:10029765:-:chr11:10029765:C>T	-12.1859	-2.6239	-5.6726	-2.4653	-6.3338	-3.3531	-1.1405	-1.3073	-1.8085	-3.4089	-1.5623	-0.5224
chr11:17523417:-:chr11:17523417:A>C	-28.4984	-17.1138	-16.1035	-7.4232	-7.4492	-7.2240	1.6990	1.2044	0.7898	-5.3812	1.6293	0.5813
chr11:32427954:-:chr11:32427954:A>G	-21.5347	-14.2020	-20.0032	-9.4395	-9.7046	-6.2125	0.3239	-0.3315	-0.4252	-4.8624	0.5287	0.9366
chr11:47238799:+:chr11:47238799:G>A	-0.5752	-1.1379	-1.4632	-0.0187	-2.2643	-0.6006	-3.2850	-2.0465	-2.2587	-2.0979	-2.0941	-2.2930
chr11:64807220:-:chr11:64807220:C>A	-0.1821	-0.1016	-0.1552	1.5645	0.2686	0.8533	-0.9999	-0.7321	-0.3621	-0.2895	-0.5466	0.7025
chr11:68757731:-:chr11:68757731:C>A	0.8087	0.9770	1.0041	3.1036	0.9036	1.1233	0.2477	0.7513	0.4576	1.5655	1.5532	1.3333
chr11:72228848:+:chr11:72228848:G>A	-20.3894	-5.2022	-16.4383	-3.7201	-6.4575	-3.4433	-0.0217	-0.0599	0.6642	-1.8215	0.8194	-0.0268
chr11:72237123:+:chr11:72237123:G>T	-1.5287	-1.0896	-1.1119	0.3122	-1.0122	0.1395	-1.6838	-0.9541	-0.7439	-0.6336	-0.5060	3.3188
chr11:108271249:+:chr11:108271249:A>T	1.2284	1.2225	0.2982	2.5579	0.3909	1.5124	-0.3242	-0.4459	0.1560	0.8511	0.3130	-0.1219
chr11:118482093:+:chr11:118482093:G>A	-42.7149	-17.3740	-22.7751	-13.8370	-12.5660	-5.8026	-0.0579	-0.6379	0.3767	-6.8299	2.4662	2.4623
chr11:119278165:+:chr11:119278165:G>C	1.8581	1.2981	0.6370	3.4612	0.7326	1.2446	-0.8327	-0.6708	-0.3930	0.0275	0.2545	0.2517
chr12:12718315:+:chr12:12718315:G>A	-15.4186	-6.5312	-14.2922	-5.2590	-8.7475	-3.1559	1.2237	0.6931	0.6671	-2.9504	1.4391	1.3213
chr12:12718824:+:chr12:12718824:G>C	1.9389	-0.4676	0.4260	-0.6625	1.0955	-0.1234	-0.4926	0.1894	1.0901	-1.0438	-0.1696	-2.2465
chr12:32576447:+:chr12:32576447:C>T	-6.1152	-0.2326	-3.6086	0.4583	-2.7554	-0.1831	-0.7923	-0.6384	-0.6695	-0.1015	-1.1604	-1.1166
chr12:45849775:+:chr12:45849775:A>T	-1.2597	-3.7929	-1.2270	-1.9957	-0.7393	-0.4993	-0.7482	-0.7171	-0.4057	-0.6973	-0.5765	-0.2099
chr12:45904933:+:chr12:45904933:G>C	-0.3670	-1.2345	-1.0008	-0.3358	0.1065	-0.0521	-0.5857	-0.8161	-0.6130	0.4276	-0.5713	1.1966
chr12:49022042:-:chr12:49022042:C>A	-15.5427	-8.0738	-8.3790	-4.6618	-5.0021	-2.1901	-0.6205	-1.4289	-0.4282	-2.1801	-0.2243	3.2737
chr12:49027323:-:chr12:49027323:C>T	-1.1613	-2.1229	-1.2183	-0.6160	-1.6186	-1.3581	-2.2711	-1.7125	-1.0937	-1.5697	-1.6392	-1.0520
chr12:49028142:-:chr12:49028142:C>T	-0.1555	-1.4739	-0.4869	-0.1988	-0.3890	-0.1866	-1.2713	-1.3010	-1.1525	-0.5802	-1.4042	0.2968
chr12:49042646:-:chr12:49042646:C>G	-1.3775	-3.1599	-1.8936	1.7777	-1.9682	-0.2975	-3.2829	-2.8448	-2.2084	-2.1201	-3.0818	-2.8363
chr12:49042879:-:chr12:49042879:C>T	-1.1677	-2.2449	-0.8486	-0.2542	-0.6294	-0.8276	-1.0196	-0.4208	-0.0723	-0.7393	-1.4792	-0.5874
chr12:50094436:+:chr12:50094436:G>A	-0.9124	-2.6003	-1.2892	-0.3299	-1.3885	-0.7697	-1.9291	-2.0808	-1.3245	-1.0553	-1.7730	0.9707
chr12:57524719:+:chr12:57524719:G>A	-1.6672	-2.0789	-1.5090	-0.0837	-1.7536	-1.1465	-4.2586	-2.0322	-1.3426	-1.2635	-3.4266	-1.6257
chr12:109568768:-:chr12:109568768:A>G	-10.4710	-5.2433	-9.2474	-2.8558	-5.3017	-1.2676	1.3782	0.6510	0.7179	-1.7751	1.4771	0.0010
chr12:114679503:-:chr12:114679503:A>G	-24.7592	-8.8971	-13.1387	-7.7749	-7.5123	-5.7281	-1.4976	-1.6774	-1.6812	-6.4788	-3.4866	-4.9496
chr12:120999267:+:chr12:120999267:G>A	1.3220	0.3919	0.9303	0.4596	0.3918	0.3752	-0.1807	0.4936	0.5443	0.0090	-0.4040	-1.1910
chr12:132657430:-:chr12:132657430:C>A	-0.2574	-0.9511	0.2443	1.4138	-0.0302	0.8684	-1.0262	-0.6534	-0.3541	0.0881	-0.3456	2.4223
chr12:132680048:-:chr12:132680048:T>C	0.0329	1.8456	0.0506	0.9452	-0.4230	0.6718	-1.3921	-1.0817	-0.9227	-0.4376	-0.3553	-0.7532
chr13:48373493:+:chr13:48373493:G>T	-8.1086	-6.0806	-3.5770	-5.5353	-2.7079	-4.0781	-4.1219	-3.7375	-2.1896	-2.8402	-5.9736	-3.7570
chr13:48379655:+:chr13:48379655:G>C	-7.7432	-1.5162	-4.7428	-0.8386	-2.1979	-1.9567	-0.4248	-0.4115	0.5612	-0.4365	-0.3222	0.6373
chr13:48453113:+:chr13:48453113:T>A	-14.6459	-4.1556	-8.5504	-3.2310	-8.3571	-2.5905	0.6584	-0.9974	-1.0064	-3.2429	0.4795	1.2412
chr13:48463840:+:chr13:48463840:G>T	-8.5992	-2.5860	-5.3775	-2.0544	-5.5940	-2.0920	0.8184	0.5688	0.4643	-2.9556	0.8345	10.9509
chr13:48465112:+:chr13:48465112:G>A	-5.3445	-2.1732	-2.9445	-2.4915	-1.7079	-0.5357	-0.5346	-0.3948	0.4699	-0.8266	0.0981	3.0908
chr13:48465369:+:chr13:48465369:G>C	-9.7843	-4.9369	-6.7988	-3.5605	-3.7311	-2.0640	-1.5917	-1.0479	-0.4330	-1.9357	-1.3336	-4.0966
chr13:51368938:-:chr13:51368938:C>T	-1.5917	-0.3234	-0.9907	-0.2974	-0.8969	-0.4454	-1.3387	-1.3410	-0.4774	-0.6663	-1.5176	0.0280
chr13:72772277:-:chr13:72772277:T>C	0.5941	-0.9256	0.4741	0.6087	3.0514	0.2515	-0.3256	-0.2994	0.5568	-1.3197	0.6867	-1.5338
chr13:72775209:-:chr13:72775209:A>G	-5.7203	-2.4368	-2.8516	-2.3412	-1.7481	-1.6267	1.3237	0.0653	0.2839	-1.6043	0.7270	2.3455
chr13:95043680:-:chr13:95043680:A>G	-20.9574	-4.5837	-10.9053	-6.9605	-8.8189	-5.1368	1.1259	0.0838	0.0880	-5.2310	0.8958	3.9370
chr13:95166157:-:chr13:95166157:C>A	-12.5790	-10.8097	-10.8020	-8.3536	-10.9907	-3.3054	1.9303	1.5500	3.0723	-3.9773	0.9865	2.6144
chr14:22978446:-:chr14:22978446:C>T	-0.1647	-1.5770	-0.0549	1.2646	0.7850	-0.0666	-2.8967	-3.2337	-2.5992	-1.6488	-2.0421	-0.7466
chr14:67865141:+:chr14:67865141:T>C	-28.9340	-1.5197	-10.1685	-1.0017	-6.9074	-2.1863	-0.0616	-0.8006	-0.6150	-2.1297	-1.7486	-3.0016
chr14:68411527:+:chr14:68411527:G>A	-17.7525	-6.7602	-13.4863	-4.9105	-8.1767	-2.7218	-1.2786	-0.9653	-1.0290	-2.8871	-1.8171	-0.8357
chr15:41740204:+:chr15:41740204:G>T	-22.4515	-11.1322	-11.1994	-6.6333	-6.5024	-1.9337	2.0983	1.0443	2.0844	-4.0843	1.7985	7.3591
chr15:41748928:+:chr15:41748928:G>T	-12.0113	-1.8214	-2.2695	-1.3770	-1.8255	-2.0142	-1.2583	-1.3722	-1.2312	-1.4662	-1.6441	-1.9287
chr15:43409743:-:chr15:43409743:T>C	0.2173	9.3243	1.9492	6.2438	1.2775	0.8875	1.8761	1.8668	-0.3243	2.5939	1.7178	-0.6356
chr15:43421854:-:chr15:43421854:C>T	-10.9590	-6.4283	-7.9166	-3.3127	-4.7778	-1.8214	0.1953	0.1406	0.7070	-1.4001	0.6711	1.3148
chr15:44711614:+:chr15:44711614:G>A	-17.2828	-5.1707	-9.5290	-3.2689	-4.8896	-2.3125	-0.4863	-0.2687	-0.4183	-2.2806	-0.5842	-0.9223
chr15:44715421:+:chr15:44715421:A>G	-0.3962	-0.7129	-1.2395	-0.2375	-0.5765	-0.3859	0.5658	0.3226	1.0979	-1.1758	2.3132	-2.8216
chr15:44715422:+:chr15:44715422:G>T	0.2565	-1.3007	0.6440	1.4263	-0.0635	-0.6393	-0.1832	1.1753	2.0589	-0.2441	0.3742	-7.1547
chr15:44715702:+:chr15:44715702:G>C	-16.1698	-5.1958	-8.6960	-2.1553	-3.7209	-2.1704	-2.3482	-2.6158	-1.3116	-2.0909	-2.8605	-2.1909
chr15:67190410:+:chr15:67190410:C>G	-1.3363	0.0043	-2.8726	-1.0296	-1.3309	-0.1865	-2.5239	-2.5595	-2.7691	-1.8503	-3.2318	1.9170
chr15:72346230:-:chr15:72346230:C>A	1.3579	-0.0454	-0.0294	1.3628	0.1434	1.2400	0.7007	1.0873	1.2109	0.5106	1.0976	2.2832
chr15:72348045:-:chr15:72348045:C>G	-1.2580	-1.1401	-1.0678	-1.0235	-0.4278	-0.5350	1.2716	0.8964	1.0636	0.1017	1.6312	1.3309
chr15:72348047:-:chr15:72348047:C>T	-1.5400	-1.4063	-1.0911	-0.7868	0.1555	0.7354	1.7806	1.8444	1.6857	0.7506	1.7795	1.6202
chr15:72355558:-:chr15:72355558:C>A	-13.5664	-2.7868	-5.4320	-3.4309	-3.4011	-1.6805	-0.0974	-1.0560	-0.3830	-3.8404	-0.9432	0.0433
chr15:80162341:+:chr15:80162341:G>A	-18.6588	-8.6873	-7.1720	-4.6071	-5.3772	-4.0681	0.7401	-0.6303	-0.2439	-3.9386	0.7725	9.0535
chr15:90999794:-:chr15:90999794:C>A	-0.0960	-0.8939	-0.8989	1.3548	0.0062	0.9981	-1.1859	-0.8541	-0.8102	-0.0272	-0.9952	-0.9148
chr15:92978232:+:chr15:92978232:A>G	-0.7020	-0.3852	-0.5441	-0.5600	-0.5312	-0.1002	0.0402	-0.0220	0.0139	-0.1280	0.2863	0.6815
chr15:93014694:+:chr15:93014694:A>T	1.8164	0.8137	2.5358	2.8386	0.9806	2.1102	-1.5058	-1.0936	-0.6666	-1.4028	0.0827	6.9331
chr15:93020259:+:chr15:93020259:G>A	-10.2323	-3.4154	-3.0942	-2.4334	-1.8695	-1.0065	0.9641	0.5307	1.5019	-0.9431	1.6657	2.3808
chr15:101646723:-:chr15:101646723:A>G	0.3303	1.1993	-1.1645	-1.7509	-3.2987	-2.5579	-0.0589	-0.8168	-0.7620	-4.2053	0.0377	1.0366
chr16:2060815:+:chr16:2060815:T>C	-6.8483	-4.7168	-3.8963	-3.2239	-1.1399	-1.3368	-0.2429	-0.7893	-0.2881	-0.1733	0.0610	0.7096
chr16:2065636:+:chr16:2065636:G>T	-15.2025	-7.9817	-11.1449	-3.1319	-3.3828	-1.4977	1.3018	0.6450	0.7932	-0.1003	0.8688	1.3292
chr16:2071618:+:chr16:2071618:T>C	-3.1487	-2.5341	-3.2678	-2.7786	-2.4631	-2.7021	-1.6002	-1.8832	-1.9086	-1.8670	-1.4194	-0.9692
chr16:2079275:+:chr16:2079275:G>C	-1.8215	-1.7463	-1.7524	-0.6121	-1.4054	-0.9087	-2.9505	-2.3846	-2.6245	-0.6968	-2.3306	2.2924
chr16:2079554:+:chr16:2079554:C>G	-1.0505	-1.5293	-1.4872	-0.6848	-0.9694	-0.5753	-1.7129	-1.6479	-1.4770	-1.0949	-1.7929	-1.3201
chr16:2080378:+:chr16:2080378:G>C	-40.4191	-17.8431	-18.7201	-11.2920	-10.2724	-5.0564	0.3352	-0.3084	-0.4173	-4.4206	0.6789	3.7436
chr16:3736817:-:chr16:3736817:T>A	0.2535	-1.5026	1.1398	-0.5354	1.2373	-0.2046	-1.0413	-0.4100	-0.4006	-0.7162	-1.1853	-3.3272
chr16:3739725:-:chr16:3739725:C>T	-1.2588	-2.9434	-2.6401	-1.3950	-1.3630	-1.5467	-2.2315	-1.6117	-0.8560	-1.8376	-2.0400	-2.8914
chr16:13935745:+:chr16:13935745:C>A	-6.7210	-0.3934	-2.4998	-0.0016	-0.9612	-0.3007	-0.2816	-0.4742	-0.0946	-0.3375	-0.1610	0.0507
chr16:23629638:-:chr16:23629638:A>G	-16.1615	-3.2866	-7.4482	-3.0654	-5.5463	-2.1002	-0.4900	-0.5070	-0.8781	-2.6974	0.0261	0.0512
chr16:30888857:-:chr16:30888857:C>G	3.3432	-0.7806	1.5176	0.8216	0.3831	-0.5320	-0.1985	-0.2248	0.2047	0.6586	-0.1354	-0.4152
chr16:31110204:+:chr16:31110204:G>T	-0.2249	-0.3405	-0.4723	0.4774	0.0306	0.8796	-1.6637	0.8316	0.8709	-1.1945	-1.7538	-4.6815
chr16:46924386:+:chr16:46924386:C>G	-1.3499	-2.0783	-0.6643	-0.9573	-0.6259	-0.7781	-1.4597	-1.2605	-1.2400	-1.6985	-1.5648	2.1893
chr16:50794429:+:chr16:50794429:G>A	-9.6083	-2.4543	-7.1401	-1.9580	-2.2857	-0.9207	1.0311	0.4631	0.2538	0.4951	1.0778	1.5138
chr16:67611615:+:chr16:67611615:T>G	-8.6160	-3.9143	-6.5100	-3.0105	-3.0666	-1.6573	-0.4884	-1.0088	-0.8824	-1.1457	0.1123	0.3877
chr16:67636852:+:chr16:67636852:G>T	-11.9565	-7.2613	-7.5282	-3.5667	-4.0335	-1.9696	-0.0085	0.0155	0.1713	-2.2751	0.0514	2.3237
chr16:68808849:+:chr16:68808849:G>T	-10.1698	-4.3797	-9.0869	-4.1878	-6.7723	-3.0643	-0.7229	-0.1560	2.0644	-3.4635	-0.6685	5.2577
chr16:68810195:+:chr16:68810195:A>G	-1.0607	1.6646	-1.1853	0.8081	-1.0260	-0.0402	-0.1492	-0.2403	0.0407	-0.5685	0.4249	0.6950
chr16:68815760:+:chr16:68815760:G>A	-31.6608	-8.5104	-18.9138	-3.5195	-16.3419	-6.6359	-2.5862	-2.3407	-1.3867	-7.8630	-2.2065	-0.4546
chr16:68822226:+:chr16:68822226:G>T	-2.5333	-4.9396	-2.4275	-3.1846	-2.2565	-0.9288	1.4838	1.5834	2.7514	-2.4416	1.3684	0.9719
chr16:68822226:+:chr16:68822226:G>A	1.3864	-2.5734	1.7967	-1.5213	-0.2504	0.9873	0.8424	0.5751	1.6470	-0.6908	1.1253	0.8706
chr16:89740802:-:chr16:89740802:A>T	-13.1478	-7.0659	-9.0967	-5.4680	-3.8704	-2.9613	2.7590	1.1231	1.0408	-4.4515	2.2754	4.7596
chr16:89805278:-:chr16:89805278:A>G	-13.3447	-3.1615	-9.2023	-3.1635	-3.7841	-2.5740	-0.4465	-0.9601	-1.4838	-2.1247	-0.9931	-0.5041
chr17:7220678:+:chr17:7220678:T>C	-3.2587	-3.9455	-2.5306	-2.5179	0.7494	0.0469	0.4335	0.2981	0.5264	-1.0305	1.0093	-1.9079
chr17:7220923:+:chr17:7220923:G>A	-0.9185	-1.8754	-0.8734	-0.8010	-0.6533	-0.7240	-1.6867	-1.0146	-1.0052	-0.5652	-2.2528	-1.3135
chr17:7223812:+:chr17:7223812:G>A	-1.5442	-1.8581	-1.3594	0.0265	-1.0044	-0.8023	-0.5547	0.2472	0.0756	-1.4787	-0.7278	-3.2510
chr17:7314078:-:chr17:7314078:A>C	-5.6086	-1.5242	-2.0371	-1.3772	-1.6072	-0.5779	1.7702	2.2031	2.2839	-0.8651	2.2291	1.0184
chr17:7669692:-:chr17:7669692:T>C	-1.3242	-0.6721	-1.0839	-0.8451	-1.3548	-0.9472	-0.8891	-1.0413	-1.1695	-0.7281	-1.0338	-0.9240
chr17:7669692:-:chr17:7669692:T>A	-1.0176	-1.0441	-1.1486	-0.1103	-0.8296	0.5109	-0.8569	-1.0495	-0.9503	-0.1013	-1.0757	0.2448
chr17:7669692:-:chr17:7669692:T>G	-1.2071	-0.5687	-1.0356	-0.5531	-1.1820	-0.4115	-0.7873	-0.8365	-0.9375	-0.4123	-0.8162	-0.5189
chr17:7670716:-:chr17:7670716:C>A	1.2513	1.9438	1.0004	2.5175	0.4155	1.9568	0.7998	1.2971	1.0528	0.2318	2.2908	3.5998
chr17:7670716:-:chr17:7670716:C>T	-0.2874	-1.5024	-0.4416	0.4531	-0.5616	0.2457	-1.0227	-0.0876	-0.0942	-0.4234	-0.7931	1.0772
chr17:7670716:-:chr17:7670716:C>G	-1.2539	0.2876	-0.7580	0.4999	-1.1848	-0.0431	-1.1684	-0.3050	-0.2196	-0.6774	0.7439	0.8107
chr17:7670717:-:chr17:7670717:T>G	-1.4264	0.3424	-0.7863	0.4090	-1.9166	0.1759	-1.5986	-0.8448	-0.4144	-1.3679	-0.2823	2.0506
chr17:7670717:-:chr17:7670717:T>A	0.2797	1.8813	0.8882	2.2865	-0.3589	2.2904	-0.5226	0.0484	0.3220	-0.2143	1.6322	5.2188
chr17:7670717:-:chr17:7670717:T>C	-1.3560	0.5545	-0.4081	0.4993	-1.3973	0.7828	-1.4679	-1.0078	-0.5688	-1.0307	0.3009	3.5122
chr17:7673533:-:chr17:7673533:A>G	-11.0002	-3.7702	-5.0073	-4.3491	-5.8203	-2.8535	-0.5045	-0.7018	-0.3198	-2.5644	-0.5265	-2.0798
chr17:7673533:-:chr17:7673533:A>C	-11.7921	-4.2197	-5.3028	-5.1905	-5.6433	-2.6569	0.1440	-0.3081	0.3022	-2.2012	0.6722	-1.1842
chr17:7673534:-:chr17:7673534:C>G	-11.8667	-4.0937	-5.1191	-4.2903	-5.1200	-2.3031	-0.8185	-0.8840	-0.4083	-2.2361	-0.6781	-1.1057
chr17:7673534:-:chr17:7673534:C>A	-10.6674	-3.7816	-4.4614	-3.0207	-4.7012	-1.4638	-0.7116	-0.7501	-0.2477	-1.8157	-0.5794	-1.0306
chr17:7673534:-:chr17:7673534:C>T	-10.4811	-3.6509	-4.4451	-3.2108	-4.6198	-1.6571	-0.7214	-0.7022	-0.2959	-1.8037	-0.6517	-0.8863
chr17:7673535:-:chr17:7673535:C>T	-10.7592	-3.8005	-4.2100	-3.3902	-4.8850	-2.1858	-1.2716	-1.0655	-0.9580	-2.3895	-1.4343	-1.6841
chr17:7673609:-:chr17:7673609:C>A	1.4586	-0.2113	0.4128	2.7591	0.5021	1.2497	-2.3143	-0.4892	0.2143	0.3272	-1.7384	-4.2063
chr17:7673609:-:chr17:7673609:C>T	0.4784	-1.1999	-1.2474	1.7636	0.7893	0.3364	-3.0678	-2.1189	-1.8924	-0.6812	-3.2090	-4.3822
chr17:7673610:-:chr17:7673610:T>C	-0.7028	0.5888	-0.7959	-0.7376	-0.7779	-0.0691	-1.7381	-0.1879	-0.2363	-0.8866	-0.9990	-2.2351
chr17:7673699:-:chr17:7673699:A>C	-6.5862	-4.7765	-6.9237	-3.5768	-1.9933	-1.8764	0.9578	1.0473	1.2049	-1.0030	2.2821	0.0767
chr17:7673700:-:chr17:7673700:C>T	-5.9387	-4.4529	-5.9623	-2.7758	-0.9891	0.1335	0.5424	1.0039	1.5308	-0.3036	2.0319	1.4035
chr17:7673700:-:chr17:7673700:C>A	-5.7333	-4.3071	-4.8069	-2.6701	-0.4894	0.2279	0.5108	1.1932	1.8473	-0.0203	1.9974	1.4543
chr17:7673700:-:chr17:7673700:C>G	-6.0934	-4.5231	-6.1164	-3.1866	-1.0198	-0.9474	0.1232	0.2386	0.7322	-0.0694	1.5892	1.7697
chr17:7673838:-:chr17:7673838:C>T	0.6935	-0.4007	-0.0177	0.5211	0.6193	-0.0817	-1.3430	-0.7526	-0.6883	-0.8365	-1.0639	-1.4142
chr17:7673838:-:chr17:7673838:C>A	0.8930	0.5496	0.8408	0.8197	0.5930	0.5702	-0.1437	0.7588	0.5639	0.0395	0.3275	-0.7313
chr17:7673839:-:chr17:7673839:T>A	1.0310	0.5274	0.8337	1.0628	1.1618	1.4747	-0.6421	-0.1918	0.1090	0.6831	-0.2948	-0.5188
chr17:7673839:-:chr17:7673839:T>G	-0.3027	0.1809	0.4153	-0.1171	0.1403	0.1905	-0.8233	-0.5831	-0.2363	-0.1692	-0.5602	-0.0499
chr17:7674179:-:chr17:7674179:A>C	-17.4781	-7.4646	-10.9979	-5.0906	-5.9407	-4.6935	-0.5478	-0.9984	-0.7865	-3.7926	0.0500	-0.1783
chr17:7674180:-:chr17:7674180:C>T	-20.6732	-8.9107	-12.3436	-5.6416	-6.1358	-4.2560	1.2593	0.2176	-0.1091	-2.8762	1.5710	0.6544
chr17:7674180:-:chr17:7674180:C>A	-20.0078	-7.9060	-11.5000	-4.8325	-5.7124	-3.5773	2.0282	1.0910	0.9649	-2.4641	1.9379	1.7033
chr17:7674181:-:chr17:7674181:C>G	-19.3874	-9.0079	-11.1109	-5.4857	-5.5647	-4.1232	1.2449	0.5332	0.7983	-2.5843	1.9705	0.6023
chr17:7674291:-:chr17:7674291:C>G	-1.6855	-1.5605	-1.5020	0.5079	-1.7794	-0.8220	-2.6089	-2.0989	-1.6250	-1.4044	-1.8481	2.9396
chr17:7674291:-:chr17:7674291:C>A	-0.0747	-0.2799	0.0668	2.4675	0.7050	0.4870	-2.4858	-1.7905	-1.1579	-1.3630	-1.6951	2.0597
chr17:7674291:-:chr17:7674291:C>T	0.2282	-0.9970	-0.0225	1.4944	0.5391	0.0551	-2.0785	-1.4809	-0.8695	-1.0237	-1.6036	1.0105
chr17:7674292:-:chr17:7674292:T>C	-1.2760	1.0518	-1.2986	0.4702	1.3129	0.4086	-1.5576	-1.2054	-1.2476	-1.7635	-0.6666	0.8875
chr17:7674292:-:chr17:7674292:T>G	-2.0919	-1.4760	-1.9507	-0.5833	-2.3283	-1.2590	-2.0565	-1.7125	-1.6603	-1.8760	-1.4364	2.4869
chr17:7674292:-:chr17:7674292:T>A	1.2547	1.8893	1.0641	2.5556	3.5287	1.0648	-1.4588	-0.7061	-0.2243	-1.5991	-0.4957	-0.1516
chr17:7674857:-:chr17:7674857:A>G	-1.9619	-1.5916	-2.0623	-1.8854	-1.5148	-1.3446	0.0174	-0.2118	-0.1565	-1.3446	0.2865	0.0845
chr17:7674857:-:chr17:7674857:A>T	-1.5787	-1.5612	-1.6634	-1.7715	-0.7146	-0.6898	0.3643	0.1634	0.2834	-0.7025	0.6856	0.4815
chr17:7674857:-:chr17:7674857:A>C	-1.6330	-1.4342	-1.7826	-1.6694	-0.6853	-0.5677	0.4033	0.2761	0.3024	-0.3150	0.4378	-0.0672
chr17:7674858:-:chr17:7674858:C>T	-1.4072	-1.1552	-1.3643	-1.1816	-0.6090	-0.3931	0.5108	0.3839	0.5725	-0.4396	0.7733	0.8438
chr17:7674858:-:chr17:7674858:C>A	-1.0287	-0.5765	-0.8698	-0.3165	0.2333	0.7887	0.7975	0.8303	1.0735	0.4019	0.8268	1.3283
chr17:7674859:-:chr17:7674859:C>T	-2.4780	-1.3404	-1.6940	-1.2659	-0.8142	-0.7538	0.2730	0.1802	0.2854	-0.6805	0.4849	0.6987
chr17:7674859:-:chr17:7674859:C>A	-2.2996	-1.1674	-1.4495	-0.8566	-0.1456	0.2077	1.1520	1.0197	0.9022	0.4879	1.1584	1.9082
chr17:7674972:-:chr17:7674972:C>G	-2.2039	-0.7344	-0.8082	0.1467	-1.4500	-2.5310	-2.2438	-1.0109	-0.7332	-1.6978	-1.9182	-4.6300
chr17:7674972:-:chr17:7674972:C>T	-1.4454	-1.8827	-1.3185	0.7562	-1.5819	-2.1828	-2.8546	-2.0025	-1.6162	-1.6884	-3.1061	-4.3972
chr17:7674973:-:chr17:7674973:T>G	-1.7424	-0.8868	-0.8876	-1.0225	-1.0345	-2.1675	-1.5082	-0.5572	-0.2832	-1.0742	-1.3822	-4.2479
chr17:7675051:-:chr17:7675051:A>T	-6.0803	-5.5286	-5.2866	-3.3212	-1.2523	-1.0770	0.6610	1.1026	1.0794	-1.6520	1.3478	0.2265
chr17:7675052:-:chr17:7675052:C>A	-5.1727	-5.6273	-3.7094	-2.8301	3.5339	1.5005	1.6731	2.2498	2.5834	-0.0822	2.4052	0.6888
chr17:7675052:-:chr17:7675052:C>T	-5.4576	-5.7272	-4.3275	-2.8498	1.3282	1.1949	1.5994	1.8649	2.1506	-0.0669	2.6782	1.2321
chr17:7675053:-:chr17:7675053:C>G	-5.1252	-5.1770	-4.7946	-3.2264	0.2435	-0.8833	0.6391	0.9020	1.0295	-2.2672	0.9707	-1.2425
chr17:7675237:-:chr17:7675237:C>A	3.5834	3.3748	2.4390	5.1421	2.2608	2.3530	3.4383	4.0741	4.7113	1.8116	3.6149	1.0770
chr17:7675237:-:chr17:7675237:C>G	0.6812	3.1240	1.0051	1.8687	-0.1839	0.1908	-1.1111	-0.0730	0.4113	-0.1217	0.2077	-0.6348
chr17:7675237:-:chr17:7675237:C>T	1.9916	1.7323	1.6142	3.3009	0.5250	0.7338	-2.1895	-0.5554	0.2214	0.3523	-0.4342	-0.3079
chr17:7675238:-:chr17:7675238:T>G	1.2442	5.5755	0.9912	1.4911	0.7022	0.5952	0.5739	1.1520	2.1312	0.0547	2.2730	-2.7046
chr17:7675238:-:chr17:7675238:T>C	-0.5913	4.3788	-0.0488	0.1595	-0.6490	-0.2828	1.6900	0.9896	0.9563	0.0217	1.7271	-0.7753
chr17:7675238:-:chr17:7675238:T>A	2.8233	4.5614	1.9934	3.0150	1.7636	1.6252	-1.7075	-0.3715	0.9805	0.7291	0.7168	-2.1572
chr17:7675989:-:chr17:7675989:C>T	-17.7499	-4.8947	-10.6915	-2.5657	-5.5277	-1.5837	1.7013	1.7675	1.1717	-2.2340	2.7089	2.4661
chr17:7675992:-:chr17:7675992:A>C	-16.3307	-3.9851	-10.3312	-2.1936	-4.8782	-1.7182	-1.1038	-0.8467	-0.7821	-2.2028	-0.6822	-0.3172
chr17:7675992:-:chr17:7675992:A>G	-16.3599	-3.9927	-10.3456	-2.2037	-4.9776	-1.7638	-1.3032	-1.0333	-0.9297	-2.2292	-0.7249	-0.1835
chr17:7675993:-:chr17:7675993:C>T	-16.9187	-4.4154	-10.9390	-2.6431	-5.5452	-1.7958	-0.2943	-0.2062	-0.4171	-2.1162	0.3826	-0.1846
chr17:7675993:-:chr17:7675993:C>A	-16.8169	-4.2787	-10.8635	-2.5054	-5.3223	-1.4657	1.4726	1.5714	1.0589	-1.8479	1.9735	0.4714
chr17:7675994:-:chr17:7675994:C>G	-15.4793	-4.6373	-10.5539	-2.7664	-5.0415	-1.6322	1.2743	1.1347	0.3395	-2.1726	1.0294	-0.1636
chr17:7675994:-:chr17:7675994:C>T	-15.5669	-4.6988	-10.6349	-2.8073	-5.2666	-1.9474	-0.5609	-0.4152	-0.8003	-2.6049	-0.4573	-1.0219
chr17:7675994:-:chr17:7675994:C>A	-15.3584	-4.5650	-10.4961	-2.6892	-4.9841	-1.7037	-0.2526	0.0935	-0.2240	-2.3358	-0.1003	-0.5415
chr17:7675995:-:chr17:7675995:G>A	-14.5781	-4.0796	-9.8086	-2.2482	-4.0229	-1.0711	-0.2152	-0.0306	0.1416	-1.5833	0.2954	-0.7584
chr17:7676273:-:chr17:7676273:C>T	0.5813	-0.0820	0.0612	0.6848	0.2785	0.1294	-1.9440	-0.2709	0.0860	-0.3179	-0.9574	-1.5449
chr17:7676381:-:chr17:7676381:C>T	-4.1847	-4.8060	-3.9246	-3.5541	-0.1926	0.4171	2.3770	2.3843	3.2809	-0.5283	3.9083	2.0802
chr17:7676381:-:chr17:7676381:C>A	-4.1206	-4.4222	-4.2442	-3.2145	-0.0111	2.0923	2.8464	3.2258	4.0779	-0.4575	3.0541	-0.3540
chr17:7676404:-:chr17:7676404:C>A	-1.1719	-1.6041	-1.3774	0.8019	-0.5386	-0.3267	-0.1140	0.2175	-0.0036	-0.6327	0.9569	2.0778
chr17:7676405:-:chr17:7676405:T>C	-1.5126	-0.1050	-1.8238	-0.4708	-1.1929	-0.8524	-0.8980	-0.6162	-0.4748	-1.0903	0.2582	0.6450
chr17:12141146:+:chr17:12141146:G>C	-0.5295	-0.6907	-0.0787	4.4420	1.3615	3.2891	-0.1166	1.2154	1.3856	-1.8789	2.4824	5.8237
chr17:16091861:-:chr17:16091861:A>G	-11.1080	-5.0186	-6.5758	-4.3131	-4.0007	-2.1501	0.9201	0.4465	0.7899	-4.3613	1.2998	0.5041
chr17:31206372:+:chr17:31206372:G>T	-14.9987	-2.9228	-2.9155	-1.9109	-4.1546	-1.4394	0.3877	0.0403	0.1109	-1.2454	-0.8519	1.6277
chr17:31219119:+:chr17:31219119:G>A	-33.1128	-11.3306	-22.3011	-12.8856	-10.4112	-6.1730	-1.9474	-2.5503	-1.7685	-4.9428	-2.5405	-1.5370
chr17:31258504:+:chr17:31258504:T>C	-4.0374	-1.0958	-1.7268	-0.4359	-1.2990	-0.7595	-0.4269	-0.3785	-0.2675	-0.4024	-0.8921	-0.9812
chr17:31343007:+:chr17:31343007:A>G	-2.1115	-1.9198	-2.6898	-2.3388	-2.7203	0.1163	-3.1009	-3.8880	-2.3267	-2.6238	-1.8927	1.8885
chr17:31343008:+:chr17:31343008:G>A	-0.3237	-2.5683	1.1862	3.8714	1.0035	3.6147	-3.1749	-3.8008	-2.5518	0.5595	-2.2093	1.9008
chr17:31352415:+:chr17:31352415:G>A	-2.0709	-2.3307	-1.7345	-2.2607	-1.7120	-2.2620	-2.6186	-1.7669	-1.5467	-2.5866	-2.6843	-2.2202
chr17:39463119:+:chr17:39463119:T>C	-3.6569	-2.4059	-4.7683	-1.2596	-4.0643	-1.9828	-0.1692	0.0351	-0.0839	-2.3923	-0.0594	0.5631
chr17:40631694:-:chr17:40631694:C>T	-1.2459	-1.1932	-0.2609	-0.1910	-1.8173	0.8383	-1.5407	-2.0429	-1.5999	-1.3757	-1.6073	0.2880
chr17:43047705:-:chr17:43047705:T>C	-1.3411	-0.3830	-0.8996	-0.5931	-0.3150	-0.3571	-1.3667	-1.4421	-1.6652	-0.8185	-0.9499	-0.3405
chr17:43057051:-:chr17:43057051:C>T	-14.5630	-9.3258	-11.2700	-7.0768	-8.2547	-3.9193	3.9392	2.4281	1.9255	-4.1838	3.8524	2.8853
chr17:43067609:-:chr17:43067609:T>G	-3.8383	-2.4068	-2.3572	-1.2070	-1.0003	-0.8320	-0.3263	-0.5780	-0.5735	-0.6553	-0.1949	1.0175
chr17:49622068:-:chr17:49622068:C>A	1.0605	1.5042	1.4365	3.8607	1.4598	0.5842	-0.2997	0.3594	0.3174	0.4389	0.5905	0.4905
chr17:49622068:-:chr17:49622068:C>G	0.0391	1.3884	0.2105	1.9491	0.0070	-0.1521	-0.4558	-0.0616	-0.2157	-0.6720	0.1052	0.5951
chr17:58370909:-:chr17:58370909:A>G	-13.3380	-5.7151	-13.4002	-8.0768	-5.1354	-3.1507	0.0392	-1.1346	-0.7784	-3.6315	0.0796	0.8381
chr17:61857056:-:chr17:61857056:A>C	-3.1687	0.0566	0.0718	0.1228	-0.8426	-0.6723	0.0643	0.0792	-0.0037	-0.1075	-0.1832	0.3697
chr17:75949215:-:chr17:75949215:A>C	-7.5745	0.1894	-1.1053	-0.1486	-1.4088	-1.6438	-2.8595	-2.3199	-1.3130	-1.1845	-5.5210	-4.1914
chr17:80112102:+:chr17:80112102:T>G	-32.3070	-7.6356	-18.4219	-8.8776	-6.2888	-4.3749	-0.0140	0.5213	0.7360	-2.8901	1.2633	0.1605
chr17:82889670:+:chr17:82889670:C>T	0.6840	0.6023	0.5364	0.5818	0.2815	0.5468	0.3270	0.7956	1.0182	0.3366	0.3315	0.6442
chr18:51076777:+:chr18:51076777:G>C	-10.7427	-3.0296	-4.4954	-3.2505	-4.9812	-2.9505	0.6254	1.5992	0.4978	-3.1632	-2.5296	0.3119
chr18:51076778:+:chr18:51076778:T>C	-6.0099	-1.4405	-5.9774	-2.9810	-7.4313	-1.0660	0.4755	0.4295	1.6776	-1.6838	0.7487	5.6812
chr19:1218416:+:chr19:1218416:G>T	-0.5312	-0.2010	0.2153	0.3878	-0.2134	0.1383	-0.3924	-0.0463	-0.1329	-0.2166	-0.1865	2.3638
chr19:1221212:+:chr19:1221212:G>T	1.8051	2.5348	2.5179	1.8712	2.3362	1.8700	1.3441	1.3150	1.2376	2.3172	2.2256	3.2964
chr19:1221947:+:chr19:1221947:A>T	-0.2579	-0.0930	0.0395	0.3173	-0.0214	0.4272	-0.0907	-0.0065	-0.0547	0.4120	-0.1830	1.1863
chr19:6366256:+:chr19:6366256:A>T	-0.5983	-0.1463	-0.0116	0.1014	1.1867	0.5842	-0.1954	-0.3529	-0.1022	0.3571	0.3361	1.2245
chr19:10486819:-:chr19:10486819:C>A	-0.6076	-0.0365	0.1098	0.2024	-0.4305	-0.0857	-0.0431	0.3335	0.7433	-0.7852	0.0551	0.8402
chr19:10486820:-:chr19:10486820:T>G	-1.4574	-0.6609	-0.7862	-0.1707	-0.3042	-0.2317	-0.3665	-0.1953	-0.0423	-0.9804	0.6832	1.1106
chr19:10489190:-:chr19:10489190:A>T	-11.2372	-8.2711	-5.1709	-3.4850	-3.1390	-3.5825	0.2256	-0.1222	0.2129	-3.3894	1.1010	-0.3145
chr19:10489191:-:chr19:10489191:C>A	-11.2109	-9.4036	-5.3010	-3.5947	-2.7543	-2.4010	3.2782	2.9086	2.8952	-2.8530	2.9291	-0.5465
chr19:11013113:+:chr19:11013113:G>T	-18.8984	-8.3706	-8.7720	-3.0205	-3.2331	-1.2494	4.0429	5.4627	3.7033	-1.1173	3.3409	1.4685
chr19:11021724:+:chr19:11021724:G>A	-1.0165	-1.2810	-0.7997	-0.7848	-0.6177	-0.6586	-0.9461	-0.5420	-0.6903	-1.1535	-1.5438	-1.3576
chr19:11033288:+:chr19:11033288:A>G	-1.1045	-0.7479	-1.1377	-0.4564	0.0729	-0.6042	-0.8824	-0.2543	-0.2882	-0.8201	-0.7606	-3.9986
chr19:11034913:+:chr19:11034913:G>C	-0.4871	-0.4202	-0.3406	-0.5665	-0.9118	-0.6740	-0.8242	-0.3134	-0.2757	-0.4475	-0.6541	0.1716
chr19:11041305:+:chr19:11041305:A>G	-0.3441	-0.1301	-0.1405	-0.4374	-0.1134	-0.1939	0.0429	-0.0749	-0.0504	0.0109	0.0669	-0.3753
chr19:13926820:+:chr19:13926820:G>T	-0.3541	-1.5621	-0.5046	0.5950	-0.8130	-0.3050	-1.6098	-1.3584	-1.5096	-0.9186	-1.9376	-0.9192
chr19:13926873:+:chr19:13926873:G>T	-1.4560	-3.4154	-1.0012	-1.3018	2.2490	0.7836	3.0771	4.7040	3.9469	0.1754	2.2773	-0.7838
chr19:35725088:+:chr19:35725088:G>A	-3.1650	-2.7255	-1.9913	-2.9774	-0.0407	-1.2412	0.6781	0.0654	0.5785	0.1028	1.7074	4.2350
chr19:35730341:+:chr19:35730341:G>A	-0.7322	-1.1701	-0.1781	-0.2819	-0.2575	-0.6319	-1.4729	-0.9663	-0.7836	-0.9501	-1.1178	0.1860
chr19:35737633:+:chr19:35737633:C>G	-1.2429	-0.1865	-0.4796	-0.2961	-0.6990	-0.9691	-0.3624	-0.8446	-1.0230	-0.8758	1.1260	1.6394
chr19:35738192:+:chr19:35738192:G>T	1.6595	-0.8377	2.1297	0.5970	2.6198	1.9932	1.2740	1.1051	0.9585	0.8919	0.9355	0.3214
chr19:36090521:+:chr19:36090521:G>A	-14.4828	-7.4675	-6.8997	-3.6929	-5.2786	-2.5644	0.0121	-0.2295	-0.5826	-2.3545	0.3721	-0.4016
chr19:39482916:+:chr19:39482916:G>A	-12.7484	-6.2278	-4.8822	-3.5417	-2.5612	-2.1352	0.9567	0.8063	0.5866	-1.6518	0.8469	0.9276
chr19:45353241:-:chr19:45353241:C>T	-0.8672	-1.6957	-0.3334	-0.9779	0.9790	1.2840	0.8549	0.8354	1.1068	1.3762	1.0139	1.4718
chr19:48799980:-:chr19:48799980:C>T	-8.4207	-7.3105	-5.5048	-2.8899	-0.4450	0.9431	1.3609	0.8932	1.4379	0.0983	2.1743	3.4321
chr19:49864072:-:chr19:49864072:C>A	-0.0415	0.2538	0.6678	0.4792	-0.0683	0.2400	0.0503	0.3572	0.3771	-0.0261	0.0242	-1.3788
chr19:49866453:-:chr19:49866453:T>C	-0.4315	-0.2516	-0.3671	-0.7583	-0.9468	-0.8157	0.2721	-0.3492	-0.4865	-0.4065	-0.0280	0.5370
chr19:50406179:+:chr19:50406179:C>G	-0.7247	-1.3252	-0.6030	-0.9752	-0.7121	-1.3793	-1.0341	-1.0991	-1.0407	-1.1936	-1.4188	-0.4682
chr19:50413741:+:chr19:50413741:G>T	-0.9297	-0.6338	-0.4790	0.3930	0.2746	-0.0650	-2.1029	-1.2336	-1.2300	-1.0920	-1.7438	-1.1373
chr19:50414813:+:chr19:50414813:A>T	2.6773	1.3614	1.6051	0.9659	2.9957	1.3272	-0.3643	0.0014	0.3659	0.0725	-0.1737	-2.2858
chr19:52190176:+:chr19:52190176:T>C	-10.0031	-6.3351	-9.7724	-3.6640	-4.5084	-2.3574	-0.4974	-0.8446	-0.7469	-2.6052	0.3315	-0.3028
chr19:55138075:-:chr19:55138075:C>T	-1.7690	-2.2160	-1.3380	-1.0564	-1.7116	-1.3264	-1.1638	-0.4189	-0.7030	-1.6204	-1.9285	-2.3003
chr2:11791913:+:chr2:11791913:G>T	0.4874	0.0175	0.4776	1.4710	-0.4877	0.5065	-2.4575	-0.7835	-0.4052	0.1208	-1.6467	0.5255
chr2:25236934:-:chr2:25236934:A>C	-19.1072	-3.5140	-8.4331	-3.3010	-2.5188	-1.5031	0.0212	-0.2433	-0.3326	-2.1799	0.3652	-0.1348
chr2:25243899:-:chr2:25243899:T>A	-6.7049	-1.5476	-4.8480	-1.3299	-2.7170	-0.6080	0.2915	0.0705	-0.3115	-0.4733	0.3572	0.9029
chr2:25244153:-:chr2:25244153:A>G	-12.9581	-10.0499	-14.1647	-5.8355	-4.1493	-1.9303	1.5252	0.7988	1.1433	-0.8858	2.4780	5.1385
chr2:25244339:-:chr2:25244339:C>T	0.0279	-0.8963	-0.0185	0.2563	-0.1834	0.2378	-1.1593	-0.4118	-0.3086	-0.4556	-0.6823	0.3040
chr2:26215176:-:chr2:26215176:C>T	1.4584	-2.1263	3.3329	3.1027	0.7769	1.9713	-3.4526	-2.0777	-2.3933	0.7677	-1.8404	5.7210
chr2:43934879:-:chr2:43934879:C>A	1.0576	-0.7390	1.4296	5.0081	2.6828	2.1623	-1.7984	-0.8845	-0.5222	0.9104	0.1619	-0.0125
chr2:46974971:+:chr2:46974971:A>T	-0.4387	-0.4722	-0.4087	-0.0053	0.0213	0.0506	-0.2672	-0.1195	-0.1003	-0.2450	-0.0602	-0.3231
chr2:47375300:+:chr2:47375300:G>A	-13.5501	-3.3076	-3.7223	-1.7994	-3.2698	-0.6343	-2.5912	-2.2978	-1.2072	-1.0144	-1.5979	-0.8575
chr2:47429942:+:chr2:47429942:G>A	-16.5002	-4.1251	-9.7209	-2.4956	-9.4839	-4.2067	-2.1549	-1.5625	-1.0226	-5.1909	-2.3879	-0.7417
chr2:47429943:+:chr2:47429943:T>C	-15.0110	-3.3959	-9.8283	-2.6484	-8.5180	-4.5055	-1.3575	-1.4534	-1.1943	-4.1419	-1.8682	0.5947
chr2:47478271:+:chr2:47478271:G>A	-0.7765	-1.0641	-0.7375	0.4486	-0.7977	0.4712	-1.4553	-1.2096	-0.8530	-0.6610	-1.2257	0.3631
chr2:65016675:+:chr2:65016675:T>C	1.4131	1.7155	2.3250	-1.4981	-3.6771	-1.1756	0.9872	0.4983	0.4771	-1.7914	0.7511	1.9401
chr2:74093667:+:chr2:74093667:G>A	-13.7494	-7.7854	-12.7408	-5.8636	-5.4015	-2.0779	1.0647	0.5499	0.4570	-1.8627	0.5158	0.9440
chr2:74463389:-:chr2:74463389:G>A	1.5607	0.1300	1.1448	1.8844	1.7291	2.7327	2.7032	1.8069	2.0740	1.9016	2.4594	0.8734
chr2:96797646:+:chr2:96797646:A>G	-9.5718	-5.5391	-4.4075	-4.6273	-3.7601	-1.5905	-0.6693	-0.6857	-0.2351	-1.8547	-0.1750	0.5811
chr2:127289683:-:chr2:127289683:A>G	-4.3314	-3.0413	-4.7547	-2.2896	-2.1383	-2.3644	0.0311	-0.6546	-0.3933	-1.1336	1.0297	0.9736
chr2:142954808:+:chr2:142954808:A>G	-2.6843	1.3671	-3.8778	1.6163	-3.3197	1.1267	-3.7609	-5.2568	-2.9638	-3.3023	-1.2523	7.3323
chr2:165880677:-:chr2:165880677:A>T	-25.4489	-5.7904	-14.8469	-6.6023	-8.3361	-3.3084	0.3101	-0.3262	-0.1194	-5.4870	0.7205	5.4862
chr2:165931757:-:chr2:165931757:C>T	-6.6969	-5.7301	-6.7460	-3.8930	-4.3415	-1.9487	-0.0439	-0.1263	0.4951	-2.5920	0.4438	0.9459
chr2:201272778:+:chr2:201272778:T>C	-4.7563	-3.0173	-2.9949	-3.3787	-2.5714	-1.6916	-1.3238	-1.8566	-1.5890	-1.4514	-0.0675	0.7668
chr2:224502963:-:chr2:224502963:A>G	-9.7769	-1.8468	-8.3377	-2.4462	-5.5884	-3.2881	0.0914	-0.5110	-0.4782	-3.6262	0.3719	0.8324
chr2:224502964:-:chr2:224502964:C>A	-9.1446	-3.0882	-7.5413	-2.4189	-5.6446	-2.0253	0.0482	0.1653	0.7499	-3.3392	-0.1370	-0.6280
chr2:224503073:-:chr2:224503073:C>T	-0.4324	-0.8974	-0.3175	0.7192	0.0571	-0.5910	0.2657	0.4812	0.3516	-0.4324	0.0523	0.4707
chr20:25302216:-:chr20:25302216:C>G	0.1779	-0.4991	-1.9716	-1.0438	-1.3805	-0.6366	0.3905	0.3066	0.2054	-0.7379	0.2310	-0.1347
chr20:32433917:+:chr20:32433917:G>A	-16.7887	-7.6047	-14.2655	-6.8052	-8.1353	-4.4229	-2.0634	-1.9805	-1.9374	-2.5642	-1.7365	-1.3359
chr20:32434431:+:chr20:32434431:G>T	0.1708	-2.9006	-3.0384	-0.1338	0.0016	4.0604	-1.8760	-1.6755	-0.9893	-0.2382	-0.6565	3.2393
chr20:34928952:-:chr20:34928952:C>T	1.0650	-1.3182	1.0716	1.8401	0.2330	0.1676	-2.0322	-2.4925	-1.4974	-1.0874	-1.8212	0.0109
chr20:44622931:-:chr20:44622931:C>T	0.7900	-0.8585	0.1321	1.5390	-0.4882	0.7445	-0.6315	-0.2098	-0.1223	-0.4336	-0.2716	0.9227
chr21:34880556:-:chr21:34880556:C>G	-10.6576	-8.1141	-8.5449	-3.6245	-8.1674	-2.6642	-1.1987	-1.2029	-0.9711	-3.1457	-1.3323	-2.2721
chr22:20990384:+:chr22:20990384:A>C	-1.3156	-0.9195	-1.2664	-0.8266	0.3072	-0.8058	-2.4749	-1.3478	-1.2455	-1.7480	-1.8567	-4.1475
chr22:23793689:+:chr22:23793689:G>C	-17.7500	-7.3190	-10.5105	-4.3028	-5.6367	-2.6967	1.4118	0.3665	0.5360	-4.8527	0.9746	0.9427
chr22:23801082:+:chr22:23801082:G>A	-2.4701	-2.5160	-1.5051	-1.0114	0.5163	-0.0273	0.7424	0.2025	0.4603	1.2520	1.4840	2.1351
chr22:26470814:-:chr22:26470814:C>T	-2.1445	-2.9226	-1.7140	-1.2226	-2.0772	-1.5414	-1.9075	-2.4184	-1.5063	-1.7591	-1.9829	-1.1484
chr22:29042493:+:chr22:29042493:A>G	-1.3305	-0.8642	-1.2062	-0.2366	-1.2109	-0.6717	-0.3723	-0.6579	-0.7017	-1.0832	0.6040	0.5250
chr22:29639213:+:chr22:29639213:G>A	-7.1852	-3.3205	-3.5666	-2.4215	-2.0150	-1.0051	0.8982	0.7379	0.6211	-0.6978	1.0575	1.4795
chr22:29681438:+:chr22:29681438:G>A	-0.1419	-0.8618	-0.3125	-0.1363	0.5972	0.3088	-0.8537	-0.5041	-0.7294	-0.4005	-0.8384	-0.0003
chr22:41131635:+:chr22:41131635:T>C	-16.3232	-7.4905	-7.8861	-7.8710	-4.8040	-2.9906	0.4176	0.1306	0.3929	-3.8356	0.0943	1.5955
chr22:41147946:+:chr22:41147946:G>A	-6.5762	-3.6791	-4.6491	-1.3753	-2.9151	-1.3148	-0.5334	-0.5210	-0.0288	-1.8443	-0.2641	0.8530
chr22:41172497:+:chr22:41172497:A>G	0.2069	0.5641	-0.0246	1.7318	0.3052	0.7092	-0.1466	-0.0765	-0.1635	0.1780	0.3505	0.9735
chr22:41172664:+:chr22:41172664:G>A	-9.1754	-5.4392	-3.8832	-4.2988	-4.8937	-1.4393	0.3140	-0.5933	0.2540	-1.7236	0.3729	1.1005
chr22:46355587:+:chr22:46355587:A>G	-11.4049	-9.4245	-8.5829	-5.3060	-3.1022	-1.1183	1.2696	1.2788	1.7745	-1.0567	1.2152	0.1534
chr22:50447319:-:chr22:50447319:C>G	-2.0669	-1.1419	-0.8559	-0.5858	1.5300	1.0661	1.7211	1.2305	1.5685	0.7335	2.0099	-0.7007
chr3:10142188:+:chr3:10142188:G>C	-35.2977	-11.5608	-24.5087	-6.6827	-6.9413	-3.2067	-0.0528	-1.3126	-0.6135	-2.8557	2.4080	4.7848
chr3:10142189:+:chr3:10142189:T>C	-33.8851	-10.9780	-24.1663	-6.6002	-7.1054	-3.5525	-0.9902	-1.8546	-1.2970	-3.2296	1.3401	3.3303
chr3:10146638:+:chr3:10146638:T>C	-31.2593	-1.6202	-7.7284	-1.2914	-3.9610	-1.5387	-1.2253	-1.4591	-1.8867	-2.2546	-1.2674	-2.0550
chr3:10149785:+:chr3:10149785:A>G	-1.5722	-0.7453	-1.2738	-0.2876	0.6251	-1.1833	-1.0937	-0.6580	-0.5375	-0.8802	-0.9119	-0.9775
chr3:10149786:+:chr3:10149786:G>C	-0.1247	0.0677	0.0518	0.1108	1.6970	-0.8774	-1.3932	-0.8009	-0.4850	-0.8356	-1.1329	-1.4362
chr3:10149786:+:chr3:10149786:G>T	1.4059	0.2472	0.8009	0.9784	2.0913	0.5167	-0.0782	1.1022	1.1557	-0.2492	0.7543	-1.1155
chr3:14158009:-:chr3:14158009:A>G	-14.3817	-6.2893	-8.9994	-5.8743	-7.2306	-3.9821	-0.1755	-0.0366	0.5962	-2.9688	1.6311	0.1816
chr3:25739800:-:chr3:25739800:C>T	-0.6681	-1.2413	-0.9697	-0.7900	-0.7922	-0.1427	-0.8572	-0.4623	-0.8835	-0.7975	-1.0166	0.1569
chr3:30672439:+:chr3:30672439:T>G	-0.9273	-2.6209	-2.1786	-1.4202	-5.2676	-1.9852	0.9885	1.1444	1.6122	-3.8074	2.1016	6.2007
chr3:30674247:+:chr3:30674247:G>A	-14.2243	-6.4378	-6.0788	-6.3350	-11.3348	-5.1197	-0.1249	-0.1627	-0.0623	-3.8765	-0.1568	-0.7272
chr3:45513133:+:chr3:45513133:A>C	0.2321	1.3475	0.0204	0.7092	0.3446	0.6934	0.0160	0.2694	0.7136	0.1287	0.7476	0.3024
chr3:47001278:+:chr3:47001278:G>T	0.4602	0.1365	-0.0331	0.7707	0.6074	0.6561	-0.8534	0.1522	0.4641	-0.4984	-0.9052	-3.0322
chr3:47113875:-:chr3:47113875:C>G	-14.5005	-2.2678	-3.2708	-2.7444	-2.5718	-2.5212	-1.3395	-1.2511	-1.1319	-2.3844	-2.1926	-2.8643
chr3:47113875:-:chr3:47113875:C>T	-14.4662	-2.7030	-3.5971	-3.4825	-2.9590	-2.8396	-2.7331	-2.9635	-2.2881	-2.8990	-3.0998	-3.4511
chr3:47638723:-:chr3:47638723:A>G	-23.0844	-8.7281	-10.2693	-7.5688	-7.6208	-2.7897	-0.8260	-1.4605	-0.5359	-4.2127	0.2176	8.1657
chr3:52403895:-:chr3:52403895:C>G	-0.8345	-1.7226	-0.5185	-0.4158	1.4041	-0.1760	-0.8121	-0.5170	-0.6182	-1.0928	-0.6390	-0.8170
chr3:52405295:-:chr3:52405295:C>A	-0.6988	0.0389	-0.6528	1.2640	-0.5737	0.4312	-0.2979	-0.3628	-0.6172	0.2127	0.5784	1.2639
chr3:52406378:-:chr3:52406378:T>C	-0.9597	-0.5392	-0.7945	-0.5295	-0.6067	-0.4679	-0.8789	-0.8242	-0.7945	-0.4693	-0.4030	0.3658
chr3:53732963:+:chr3:53732963:G>A	-2.2927	-2.0553	-2.3708	-1.5494	-1.2713	-1.4108	-0.6876	-0.4917	-0.3793	-0.9519	-0.2139	-0.5896
chr3:180988022:-:chr3:180988022:C>T	-5.4959	-4.4280	-5.2623	-4.8474	-3.7819	-2.6702	-1.6547	-1.4200	-0.5793	-3.4623	-2.1175	-1.1548
chr4:38689884:+:chr4:38689884:G>A	-4.5798	-1.8703	-2.4110	-1.2223	-1.2334	-0.6768	0.7623	1.1647	2.1016	0.3868	1.4325	3.2515
chr4:38694908:+:chr4:38694908:T>C	-18.3061	-6.6575	-7.4738	-5.3290	-10.2261	-5.5498	0.2655	-0.2001	-0.0824	-6.0349	0.6351	4.0801
chr4:86750888:+:chr4:86750888:G>T	-9.0904	-6.7854	-7.4110	-4.1633	-4.4373	-2.2953	-3.5220	-2.4762	-0.3576	-2.9353	-4.3450	-2.1700
chr4:127921524:-:chr4:127921524:C>T	-29.9684	-6.5552	-9.4197	-4.3179	-12.7959	-2.7930	-2.6206	-2.3036	-1.4687	-3.7937	-1.9059	0.1941
chr4:158690426:+:chr4:158690426:G>T	-5.8553	-2.8099	-2.9617	-1.4682	-2.3000	-1.1935	-0.9969	-0.8027	0.1208	-1.0253	-0.9048	-2.3226
chr4:184418533:-:chr4:184418533:T>C	-12.1341	-4.3679	-5.9658	-2.7299	-6.5814	-2.1854	-0.3949	-0.8001	-0.7974	-2.0673	-0.7041	-0.0803
chr4:186595688:-:chr4:186595688:C>A	-31.7029	-9.4902	-10.3045	-8.7083	-9.8187	-2.4631	2.8583	2.1137	2.8943	-2.7105	2.2042	2.9108
chr4:186600361:-:chr4:186600361:C>A	-0.9307	-1.5522	-2.5538	2.0116	0.9387	0.9236	-2.5067	-0.8285	-0.4051	-1.4726	-0.6449	-1.4165
chr4:186617706:-:chr4:186617706:A>G	-2.4739	-1.1896	-0.5364	-0.1471	-1.2932	-0.8711	-0.6430	-0.1868	-0.2271	-0.3114	-0.7175	-1.0648
chr4:186617707:-:chr4:186617707:C>A	-3.0035	-3.9075	-1.3540	-2.9419	-1.1914	-1.3146	-3.3990	-1.3563	-0.8656	-0.7350	-3.1845	-4.3462
chr4:186628152:-:chr4:186628152:A>G	-13.9496	-6.3707	-7.4144	-3.9939	-6.2733	-3.4818	-0.0809	-0.8974	-1.0856	-2.9797	0.7145	1.1343
chr5:233646:+:chr5:233646:G>A	-20.3721	-5.8688	-20.0475	-5.2991	-7.3805	-2.4331	-0.9058	-0.9739	-0.3699	-3.3340	-0.1548	1.9882
chr5:13791993:-:chr5:13791993:C>T	-13.7870	-12.1040	-8.1256	-7.4361	-8.3261	-2.8863	-0.3540	-2.2040	0.8448	-5.2560	0.7468	4.6440
chr5:13824197:-:chr5:13824197:A>G	-17.7821	-7.9334	-11.2278	-6.0447	-11.2184	-3.1880	-0.1879	-1.3191	-1.1159	-2.3857	0.1810	1.5776
chr5:41762198:-:chr5:41762198:C>T	-0.4915	-1.1756	-0.8036	-0.7334	-0.1827	-0.5450	-0.2267	0.0562	-0.2567	-0.6570	-0.7574	-1.1302
chr5:53646406:+:chr5:53646406:G>A	-15.6034	-5.4928	-5.6100	-3.2459	-4.2923	-2.9319	-3.7794	-3.0407	-4.0483	-2.3026	-6.2002	-4.4128
chr5:56856750:+:chr5:56856750:G>A	-13.2564	-3.5715	-6.1252	-3.6778	-6.2522	-1.5239	-0.2371	-0.3154	-0.3195	-1.5601	0.0383	1.0304
chr5:56872032:+:chr5:56872032:G>T	-2.3438	-3.9954	-3.3869	-2.5697	-0.6019	0.4767	3.5557	2.9897	2.8803	0.7008	4.8704	8.1527
chr5:56884827:+:chr5:56884827:G>A	-18.0988	-4.5320	-5.0505	-4.4591	-3.3718	-3.9208	-3.2812	-3.6895	-3.9685	-1.8123	-4.3201	-6.5082
chr5:56893529:+:chr5:56893529:A>C	-2.2484	-2.8260	-2.3893	-1.4369	-0.7415	-1.0535	-1.6977	-1.0623	-1.3889	-1.3813	-1.5920	-1.3533
chr5:68293485:+:chr5:68293485:T>C	-6.2046	-1.7827	-3.2799	-2.4583	-1.8206	-2.6846	-0.6669	-0.8066	-0.3215	-1.3921	0.5545	0.9889
chr5:68293707:+:chr5:68293707:A>G	0.6124	-4.2210	-0.9591	0.8923	-0.8619	-0.1673	-2.3276	-1.7052	-0.9051	-1.9812	-1.3041	-3.4033
chr5:68293835:+:chr5:68293835:G>A	-9.5200	-3.1370	-3.4701	-3.2619	-5.2490	-4.3275	-7.2277	-3.2544	-3.1254	-3.0266	-4.1526	-4.7833
chr5:68295419:+:chr5:68295419:G>C	0.9196	0.6853	-0.8008	3.8826	0.1210	1.2332	-0.2048	0.9407	1.6388	-0.3179	0.9005	-4.6587
chr5:71634942:+:chr5:71634942:G>C	0.2584	0.4014	-0.1063	1.7983	0.0407	0.3463	-1.2388	-0.5506	-0.3677	-0.4847	-0.0905	0.7737
chr5:87268995:+:chr5:87268995:G>T	-4.9906	-1.9370	-1.2380	-1.3712	-0.6668	0.6909	3.9492	2.5427	3.4314	2.6220	5.7137	8.6682
chr5:112766412:+:chr5:112766412:T>C	-3.3877	-1.1431	-0.8652	-0.6432	-0.9366	-1.1500	-0.6761	-0.6799	-0.3174	-0.3064	-0.7742	-0.8483
chr5:131644764:-:chr5:131644764:C>A	-1.3401	-5.4010	-3.4780	1.0770	-0.2010	1.9772	-0.8156	0.7017	1.1725	-1.1799	-0.2676	1.8559
chr5:132484499:-:chr5:132484499:T>C	-0.6948	-0.0980	-0.6752	-0.1716	-0.0715	0.2291	-0.5164	-0.2672	-0.0570	-0.7589	-0.4736	-2.7474
chr5:132486846:-:chr5:132486846:T>C	-1.7414	-1.3828	-1.5767	-1.1074	-1.3319	-1.5089	-1.1594	-0.4543	-0.4666	-1.3108	-1.2973	-1.8359
chr5:138929245:+:chr5:138929245:G>T	2.1261	2.0720	1.2898	2.0984	1.3147	1.9905	1.7153	2.6100	1.7461	0.3667	1.1615	1.3321
chr6:2948700:-:chr6:2948700:C>A	-3.7083	-4.4175	-3.8255	-0.3992	-1.7328	-1.8210	-4.7186	-3.6364	-2.3750	-2.8175	-4.1368	-7.5914
chr6:29944121:+:chr6:29944121:G>A	0.1454	-0.6407	-0.2052	0.2449	0.0909	-0.2787	0.1419	0.8939	0.6488	-0.9966	0.5749	-0.9496
chr6:29944398:+:chr6:29944398:G>T	-4.5438	-5.4651	-3.8498	-1.3839	3.2403	1.0635	4.9436	6.8736	6.6130	1.5414	7.7338	-1.6920
chr6:29944399:+:chr6:29944399:T>C	-5.6912	-6.2172	-5.0241	-3.0830	0.8940	0.3793	5.2191	4.5256	5.0493	-0.6115	7.5782	-1.8308
chr6:29944498:+:chr6:29944498:A>T	1.4893	1.3008	0.8932	1.7916	2.9386	2.4530	-0.5325	0.4532	0.7363	1.4209	-0.2820	-3.3076
chr6:29944499:+:chr6:29944499:G>C	0.0370	0.3109	0.1795	0.0939	-0.1072	0.2173	0.6131	0.6258	0.7152	0.4467	0.5755	-0.2620
chr6:29945058:+:chr6:29945058:G>C	-1.3709	-2.0606	-1.1492	-1.4729	-1.2680	-1.1200	-1.3851	-0.8198	-0.8165	-1.9628	-1.7847	-3.9459
chr6:31269491:-:chr6:31269491:A>C	-4.5191	-3.4611	-4.1843	-3.4033	-1.2186	-1.4353	2.5086	1.8334	2.0954	-1.2051	3.7729	3.0235
chr6:31269577:-:chr6:31269577:G>T	1.7259	0.0493	0.1481	0.6593	-2.0700	-0.2278	-1.4776	-1.2948	-0.9893	-0.8418	-1.1961	0.1638
chr6:31355105:-:chr6:31355105:A>G	-15.3308	-5.6587	-15.6795	-2.8341	-4.0663	-2.8886	2.9563	2.3411	1.6734	-3.3514	1.9105	-6.8043
chr6:31355106:-:chr6:31355106:C>T	-14.9905	-6.3941	-14.3347	-2.7923	-3.6474	-2.3671	1.5235	1.5756	1.1289	-2.5935	1.2032	-4.7499
chr6:31355224:-:chr6:31355224:C>G	0.4832	0.5142	0.4973	0.2774	0.0852	0.1555	0.7154	1.3606	1.5766	0.7152	0.4451	0.0382
chr6:31355224:-:chr6:31355224:C>T	0.6086	-0.9868	-0.1455	0.3614	-0.1734	0.1454	-1.2749	-0.6145	-0.2008	-0.5695	-1.1293	-1.9337
chr6:31355595:-:chr6:31355595:G>C	-0.4791	-0.4326	-0.6133	0.1328	-0.1967	-0.0591	-0.7339	-0.8457	-0.7971	-0.3357	-0.6578	-0.5984
chr6:31356164:-:chr6:31356164:T>A	-1.3783	-1.1459	-1.3923	-0.8082	-0.9286	-0.1174	0.6540	0.4137	1.0494	-0.0034	1.0137	2.0836
chr6:31356687:-:chr6:31356687:C>T	-37.7600	-14.4606	-17.2622	-10.6578	-6.3825	-4.5682	3.1568	1.8799	1.6495	-3.9704	5.0053	6.9174
chr6:31357085:-:chr6:31357085:C>G	-32.4575	-9.8339	-17.9160	-5.3323	-4.3626	-1.1434	1.6821	1.2877	1.3591	-3.0897	2.2661	3.0761
chr6:33202260:+:chr6:33202260:C>A	-0.6816	-1.2388	-0.6683	0.1409	-0.4245	-0.3402	-1.9102	-1.4291	-1.1435	-1.2409	-0.5630	-1.1649
chr6:36685748:+:chr6:36685748:C>G	-1.2835	-1.1432	-0.9772	-0.5815	-0.6320	-0.8563	-2.2118	-1.0779	-0.7271	-0.9852	-1.2650	-1.4712
chr6:42964930:-:chr6:42964930:C>A	0.8216	2.3481	0.6420	3.3306	0.4853	1.4728	-0.4402	0.5495	0.0865	0.6318	-0.6038	2.6379
chr6:43610724:+:chr6:43610724:G>T	-6.4979	-6.1303	-16.8524	-2.0837	-5.5394	-2.3341	0.6360	0.7176	1.7833	-2.2730	-0.3490	1.7917
chr6:131591528:-:chr6:131591528:C>A	-0.2002	-2.1532	0.0994	1.0627	0.7801	1.1297	-0.9246	-0.4670	-0.3599	1.0706	-0.6304	0.4095
chr6:131596164:-:chr6:131596164:C>G	-0.7991	-1.4329	-1.5420	0.4424	-0.2246	-0.7670	-0.5156	-0.0283	0.2554	-1.4648	-0.0796	-1.7640
chr6:131598468:-:chr6:131598468:C>T	-0.5879	-0.6662	-0.9618	0.6655	-0.5973	0.1463	-0.6913	-0.2773	-0.1711	-0.6359	-0.0474	-2.4566
chr6:135448476:-:chr6:135448476:C>G	0.5366	-0.6193	0.5221	2.4073	1.0101	1.8108	-0.9836	-0.0260	0.5104	0.0263	-0.0203	0.7132
chr6:137203686:-:chr6:137203686:C>G	0.7465	0.1321	1.3772	1.7275	1.2001	0.2272	0.6125	1.7855	1.0251	0.4548	1.9945	-1.9197
chr6:157167185:+:chr6:157167185:G>T	-7.5213	-5.0494	-3.9568	-3.2017	-2.1681	-0.9609	1.0734	1.3303	1.0970	-1.6992	0.5087	-0.8183
chr6:157201489:+:chr6:157201489:G>T	-18.2224	-6.5910	-10.6409	-4.8185	-12.8963	-5.0655	-1.1818	-1.2413	-0.4379	-4.4045	-1.0084	1.6584
chr6:160737006:+:chr6:160737006:A>C	-0.3502	0.0243	-0.0744	0.3324	0.2703	-0.2351	0.4811	0.1118	-0.3834	-0.1773	-0.0669	0.0302
chr6:163562071:+:chr6:163562071:T>C	-15.8579	-4.4500	-7.9814	-3.8864	-6.6442	-2.5705	1.6108	0.5141	-0.1594	-2.7003	1.3931	0.4210
chr7:5528187:-:chr7:5528187:T>A	2.2610	1.5044	1.4786	1.2906	0.9217	1.0264	0.3945	1.0819	1.1055	-0.0582	0.3962	-2.3638
chr7:5982823:-:chr7:5982823:C>T	-22.1550	-13.4452	-9.4109	-5.5231	-8.1317	-2.8643	-0.8566	-1.1226	-0.5152	-3.7411	-0.8461	-0.3549
chr7:99391175:+:chr7:99391175:C>T	1.3015	1.2991	0.9895	1.7275	1.2009	1.2639	3.7103	3.7423	2.6762	1.1321	3.7585	-0.2303
chr7:101137402:+:chr7:101137402:C>G	-1.4339	-1.9605	-0.6606	-0.6160	-0.5100	-0.4273	-0.4155	-0.4205	-0.4114	-0.5262	0.3125	2.4714
chr7:107917463:+:chr7:107917463:G>A	1.5785	-6.6406	1.9015	-4.1748	-5.4502	-4.0000	0.3858	-0.6845	0.1176	-3.5306	0.2765	2.6123
chr7:107929207:-:chr7:107929207:T>G	-0.5200	0.1349	-1.4811	-0.7807	0.0260	-0.8725	-0.0603	0.0524	0.6517	-0.4571	-0.5325	-4.2163
chr7:116771990:+:chr7:116771990:G>T	-10.1330	-1.2547	-1.4861	-1.0733	-1.0772	-1.4871	-1.5486	-0.8484	-0.1050	-1.0447	-1.4386	-4.4733
chr7:116771990:+:chr7:116771990:G>A	-10.1976	-1.2432	-1.4612	-1.0495	-1.0387	-1.4336	-1.4503	-0.7858	-0.2020	-1.0050	-1.2964	-3.7752
chr7:116771990:+:chr7:116771990:G>C	-10.2538	-1.2043	-1.4536	-0.9678	-1.0224	-1.4379	-0.8838	-0.4524	0.0295	-0.9400	-0.9710	-3.2383
chr7:148809070:-:chr7:148809070:C>T	-6.6036	-1.5920	-3.3430	-2.0477	-1.0478	-0.8250	-1.2003	-0.9667	-0.4892	-0.3806	-1.5558	-2.1402
chr7:152156204:-:chr7:152156204:C>T	-7.4640	-2.0396	-3.0217	-2.2991	-2.8229	-2.1681	-0.4423	-0.5663	0.2321	-1.7153	0.1749	2.1993
chr7:152167145:-:chr7:152167145:C>T	-9.0134	-2.3752	-2.0248	-1.4291	-1.9691	0.5988	0.1099	-0.3232	1.6641	-0.6638	1.6760	5.6317
chr7:152207301:-:chr7:152207301:T>C	-4.3211	-0.5003	1.5173	-1.7139	-2.3111	-1.9959	0.4105	0.6059	-0.2129	-0.2754	0.3606	0.1770
chr8:47778459:-:chr8:47778459:C>T	-3.1162	-2.3087	-2.3826	-1.6236	-1.4464	-1.1928	-1.1853	-1.5315	-1.1424	-1.2947	-0.7828	-0.1448
chr8:47798235:-:chr8:47798235:A>G	-10.3278	-2.4597	-6.8799	-1.6294	-4.4546	-1.3214	-1.0999	-1.4321	-1.7454	-1.1993	-0.9387	0.2979
chr8:47828168:-:chr8:47828168:C>T	-4.1230	-5.5287	-3.5982	-2.9133	-2.2612	-1.5849	-1.8825	-1.5245	-1.2139	-1.5151	-1.7267	0.7193
chr8:67131949:+:chr8:67131949:A>G	-0.0720	0.7164	-0.2454	0.2942	0.1451	0.2003	-0.6399	-0.6828	-0.8853	-0.4367	0.3045	0.0759
chr8:67195380:+:chr8:67195380:A>G	-2.2589	-1.6275	-1.8777	-1.2562	-0.4506	-1.1737	-0.7673	-0.8492	-0.8457	-1.5062	-0.9237	-2.9858
chr8:89953243:-:chr8:89953243:C>T	-9.0458	-3.2221	-5.3333	-2.8209	-4.9109	-3.2780	-3.0745	-2.6508	-2.3946	-3.2669	-4.6333	-3.4294
chr8:99136753:+:chr8:99136753:G>A	-25.1149	-6.2078	-10.3185	-5.3112	-10.8947	-4.3600	1.1691	0.2960	0.2900	-5.2488	0.7346	3.0069
chr8:99766972:+:chr8:99766972:T>C	-9.4538	-2.5924	-4.1046	-2.2616	-3.9640	-2.9121	-0.1941	-0.9937	-0.3438	-2.8502	-0.3241	3.8829
chr8:144513482:-:chr8:144513482:T>A	-0.5623	-0.1305	-0.3993	0.9425	-0.6420	0.6929	-0.8370	0.1984	0.4842	-0.7030	0.0093	-0.0012
chr8:144515761:-:chr8:144515761:C>G	-8.2138	-4.5363	-6.1554	-3.7832	-2.4192	-1.3248	0.1909	0.1016	0.4061	-1.4939	0.5184	0.7261
chr8:144516765:-:chr8:144516765:C>G	-2.8531	-1.8096	-2.2882	-0.5602	-1.1424	-0.6558	-1.2822	-0.9378	-0.7779	-0.6853	-1.0611	-1.0612
chr9:21968243:-:chr9:21968243:C>T	-1.2023	-1.9380	-1.3128	0.2992	-2.2108	-0.7992	-1.4417	0.0827	0.6517	-1.8937	-0.2486	-1.0628
chr9:21970900:-:chr9:21970900:A>G	-28.9703	-10.1697	-15.2045	-8.6452	-10.5590	-4.9974	0.4425	-0.7164	-0.4519	-3.5352	0.8419	0.2294
chr9:21970901:-:chr9:21970901:C>A	-28.6606	-10.1714	-16.3444	-7.4752	-10.0039	-4.0056	-0.5166	-1.6457	-0.0273	-2.9235	0.2286	2.5064
chr9:21970901:-:chr9:21970901:C>T	-28.8401	-10.2305	-16.3929	-7.8773	-10.1480	-4.4532	-0.8708	-1.9442	-0.8607	-3.0954	-0.1309	1.0921
chr9:21971209:-:chr9:21971209:C>A	1.1832	0.5226	0.9959	0.6136	-0.6270	0.0025	-1.0980	-0.4328	0.1108	-0.7173	-0.7423	-0.1503
chr9:21971209:-:chr9:21971209:C>T	1.1856	-0.6414	0.4567	0.3480	-0.9297	-0.4186	-1.2298	-0.7395	-0.4553	-0.7037	-0.8932	0.7242
chr9:21971210:-:chr9:21971210:T>A	1.3150	0.0881	1.7389	0.6861	0.0472	0.3927	-1.1759	-0.5350	-0.0640	-0.6596	-0.4980	0.3642
chr9:21971210:-:chr9:21971210:T>C	-0.7839	0.2399	-0.1546	-0.2314	-1.3168	-0.6705	-0.8236	-0.2687	0.1178	-1.0447	-0.1470	-1.1775
chr9:21971210:-:chr9:21971210:T>G	0.9131	0.2454	0.7611	0.3297	-0.0812	0.4594	-1.0476	-0.3096	0.1415	-0.4719	-0.6961	-0.7512
chr9:21974677:-:chr9:21974677:C>A	-15.5056	-4.7446	-12.0755	-3.9206	-1.1745	-0.3402	1.2158	1.2189	1.3760	1.1540	1.8615	1.5721
chr9:95461855:-:chr9:95461855:C>G	-19.2584	-11.7082	-12.6139	-4.0299	-3.7302	-2.1084	2.4325	1.5083	1.5066	-0.0014	2.9828	4.0547
chr9:95461999:-:chr9:95461999:C>T	2.7305	0.3662	1.7575	3.1263	1.8430	-0.0370	-2.3047	-1.6422	-0.7211	-0.0955	-1.5997	-4.3065
chr9:105596658:+:chr9:105596658:G>A	-12.7853	-3.4445	-6.8321	-3.4402	-4.7075	-2.3853	-1.5767	-1.1754	-1.2074	-2.7288	-1.6044	-0.0672
chr9:125171085:-:chr9:125171085:C>T	-5.3939	-1.2155	-1.7517	-1.6355	-1.9335	-1.8808	-1.7486	-1.2242	-0.8438	-2.0083	-1.8392	-1.5274
chr9:130458400:+:chr9:130458400:G>T	2.6919	0.6548	1.1734	1.2364	0.4833	1.3584	-0.5693	0.3641	0.3380	-0.0895	-0.6643	-3.0580
chr9:131512138:+:chr9:131512138:T>C	-10.9798	-8.9262	-11.6739	-4.9729	-7.1147	-2.8961	-0.6623	-0.2224	0.1326	-1.7739	0.1382	-0.9227
chr9:132907371:-:chr9:132907371:C>T	-0.0541	-1.6783	3.5362	4.6807	1.0078	2.4664	-3.3386	-2.7193	-2.1654	0.6224	-1.2037	7.0359
chr9:132910567:-:chr9:132910567:G>A	-11.8561	-5.5399	-9.1340	-2.2735	-1.6945	-1.1047	0.2204	-0.0593	-0.0685	-0.8519	0.2104	0.4047
chr9:132923347:-:chr9:132923347:C>A	-33.8485	-8.3125	-12.1256	-4.8958	-7.9636	-2.9659	1.8890	0.9300	1.4728	-6.0222	2.1586	11.2588
chr9:133456066:+:chr9:133456066:C>A	-0.2000	-0.6143	-0.2030	0.4242	-0.1650	-0.3451	-0.5201	0.3490	0.3665	-1.2820	0.5590	-0.8290
chr9:136431001:-:chr9:136431001:C>T	-17.7219	-6.4245	-11.7708	-4.5559	-2.6722	-2.2972	2.0631	1.4807	1.3104	-0.3725	1.6037	0.3756
