position	nucleotide	signal__total	signal__control	pred__parnet.21m-ft-full21m-0.0__total	pred__parnet.21m-ft-full21m-0.0__target	pred__parnet.21m-ft-full21m-0.0__control	pred__parnet.21m-ft-full21m-2.5__total	pred__parnet.21m-ft-full21m-2.5__target	pred__parnet.21m-ft-full21m-2.5__control	pred__parnet.21m-ft-full21m-5.0__total	pred__parnet.21m-ft-full21m-5.0__target	pred__parnet.21m-ft-full21m-5.0__control	pred__parnet.21m-ft-full21m-10.0__total	pred__parnet.21m-ft-full21m-10.0__target	pred__parnet.21m-ft-full21m-10.0__control	pred__parnet.21m-ft-full21m-20.0__total	pred__parnet.21m-ft-full21m-20.0__target	pred__parnet.21m-ft-full21m-20.0__control	pred__parnet.21m-ft-full21m-40.0__total	pred__parnet.21m-ft-full21m-40.0__target	pred__parnet.21m-ft-full21m-40.0__control	fi_ig__parnet.21m-ft-full21m-0.0__total	fi_rbpnet__parnet.21m-ft-full21m-0.0__total	fi_ig__parnet.21m-ft-full21m-0.0__target	fi_rbpnet__parnet.21m-ft-full21m-0.0__target	fi_ig__parnet.21m-ft-full21m-0.0__control	fi_rbpnet__parnet.21m-ft-full21m-0.0__control	fi_ig__parnet.21m-ft-full21m-2.5__total	fi_rbpnet__parnet.21m-ft-full21m-2.5__total	fi_ig__parnet.21m-ft-full21m-2.5__target	fi_rbpnet__parnet.21m-ft-full21m-2.5__target	fi_ig__parnet.21m-ft-full21m-2.5__control	fi_rbpnet__parnet.21m-ft-full21m-2.5__control	fi_ig__parnet.21m-ft-full21m-5.0__total	fi_rbpnet__parnet.21m-ft-full21m-5.0__total	fi_ig__parnet.21m-ft-full21m-5.0__target	fi_rbpnet__parnet.21m-ft-full21m-5.0__target	fi_ig__parnet.21m-ft-full21m-5.0__control	fi_rbpnet__parnet.21m-ft-full21m-5.0__control	fi_ig__parnet.21m-ft-full21m-10.0__total	fi_rbpnet__parnet.21m-ft-full21m-10.0__total	fi_ig__parnet.21m-ft-full21m-10.0__target	fi_rbpnet__parnet.21m-ft-full21m-10.0__target	fi_ig__parnet.21m-ft-full21m-10.0__control	fi_rbpnet__parnet.21m-ft-full21m-10.0__control	fi_ig__parnet.21m-ft-full21m-20.0__total	fi_rbpnet__parnet.21m-ft-full21m-20.0__total	fi_ig__parnet.21m-ft-full21m-20.0__target	fi_rbpnet__parnet.21m-ft-full21m-20.0__target	fi_ig__parnet.21m-ft-full21m-20.0__control	fi_rbpnet__parnet.21m-ft-full21m-20.0__control	fi_ig__parnet.21m-ft-full21m-40.0__total	fi_rbpnet__parnet.21m-ft-full21m-40.0__total	fi_ig__parnet.21m-ft-full21m-40.0__target	fi_rbpnet__parnet.21m-ft-full21m-40.0__target	fi_ig__parnet.21m-ft-full21m-40.0__control	fi_rbpnet__parnet.21m-ft-full21m-40.0__control
52797948	A	9	0	0.0062565	0.0102797	0.00283431	0.00636648	0.0111008	0.00290443	0.00644446	0.0117843	0.00302113	0.00660775	0.0132438	0.00321291	0.00650942	0.0147612	0.00354441	0.00619564	0.0166462	0.00388428	0.0646256	5.7598e-05	0.0890096	-5.00528e-05	0.0562802	5.53122e-05	0.0640846	4.45945e-05	0.0912249	-6.27751e-05	0.0565116	2.00849e-05	0.0617847	0.000114799	0.0905543	-4.03658e-05	0.0549325	0.000120464	0.0676715	0.000104138	0.0991611	-4.85982e-05	0.0617598	0.000101266	0.067404	8.50297e-05	0.102783	-5.93357e-05	0.0628907	4.37658e-05	0.0676021	9.93025e-05	0.107397	-2.82058e-05	0.0655131	8.64865e-05
52797949	G	5	0	0.00251301	0.00436538	0.000937369	0.00257384	0.00477682	0.00096287	0.00265023	0.00523214	0.000994981	0.00270526	0.00594162	0.00104961	0.00268931	0.0069713	0.00115073	0.00254496	0.00817623	0.0012995	0.0608551	-3.13574e-05	0.0818735	9.97327e-05	0.0537822	-0.000127175	0.0604757	-5.96005e-05	0.0839912	7.63086e-05	0.0540466	-0.000106076	0.0585579	-3.50903e-05	0.0834264	7.84361e-05	0.052755	-7.93876e-05	0.0636192	2.52074e-05	0.0902352	0.000193523	0.0587655	-2.9916e-05	0.062861	1.69453e-05	0.0922217	0.000221454	0.0592627	-1.96777e-05	0.063086	-0.000135519	0.0957309	0.000269588	0.0615079	-0.000171414
52797950	A	3	0	0.00219478	0.00372565	0.000892602	0.0022526	0.00407227	0.000921922	0.00227957	0.00435662	0.00094798	0.00234345	0.00493123	0.00101961	0.00233281	0.00565505	0.00113908	0.00221714	0.0064451	0.00128205	0.0197751	-0.000484561	0.0260684	-0.000489231	0.0174854	-0.000278394	0.019344	-0.000375554	0.0262309	-0.000408358	0.0172763	-0.000148775	0.0190343	-0.000493089	0.0264747	-0.000509009	0.0171192	-0.000259332	0.0206764	-0.000388544	0.0287616	-0.000382915	0.0190279	-0.000189354	0.0208118	-0.000358761	0.0297695	-0.000346374	0.019565	-0.000140618	0.0214995	-0.000434533	0.0308181	-8.55582e-05	0.0209114	-0.000308873
52797951	C	1	0	0.00219155	0.00373897	0.000875289	0.00222593	0.00403763	0.000901087	0.00225795	0.00432217	0.00093459	0.00229116	0.00484313	0.000985634	0.00223233	0.00541767	0.00108779	0.00211031	0.00606674	0.00123526	0.0366994	0.000628033	0.053871	0.000386691	0.0309939	0.000934666	0.0371052	0.000760814	0.0565761	0.000481466	0.0318517	0.00108054	0.0352705	0.000671536	0.0553582	0.000367967	0.0306523	0.00097956	0.0381326	0.000716198	0.0602038	0.000456243	0.0341598	0.000885592	0.0374268	0.000856589	0.0616799	0.000381894	0.0344926	0.00104948	0.0384296	0.000566312	0.0668022	0.000234773	0.0370863	0.000573438
52797952	C	7	0	0.00235099	0.00413584	0.00083277	0.00240557	0.00452814	0.000853403	0.00246353	0.00490586	0.000897759	0.00255755	0.00572752	0.000935869	0.00257759	0.00686399	0.00103742	0.0024438	0.00822964	0.00116414	0.0396828	0.00116076	0.0553693	0.000897847	0.034592	0.00133357	0.0399068	0.0011822	0.0576474	0.000904425	0.0352629	0.0013907	0.0380048	0.00120159	0.0563683	0.000907451	0.0339204	0.00136643	0.0406657	0.00130124	0.0602335	0.000988797	0.0372799	0.00136451	0.0399138	0.00130709	0.0614281	0.0007901	0.0374424	0.00141754	0.0408178	0.00113	0.0653656	0.000662039	0.0397968	0.00102364
52797953	U	6	0	0.00245002	0.00447712	0.000725741	0.00252662	0.00494772	0.000756135	0.00258574	0.00538639	0.000790254	0.00269423	0.00630027	0.000849461	0.00268854	0.00751369	0.000954785	0.00254793	0.00919578	0.00107763	0.0155816	0.000566551	0.0219774	0.000152013	0.0130811	0.000752047	0.0155491	0.000641324	0.0227411	0.000223071	0.0131963	0.000749862	0.0151058	0.000651385	0.0227597	0.000210773	0.012952	0.000727784	0.0161508	0.000674589	0.0250996	0.000158755	0.0141176	0.000784859	0.0161766	0.000741017	0.0269665	0.000149563	0.0144647	0.000767045	0.0163487	0.000522355	0.0287266	7.00795e-05	0.0153465	0.000389216
52797954	G	2	0	0.00534663	0.00954486	0.00177555	0.00546133	0.0104564	0.00180854	0.00556659	0.0113037	0.00188857	0.00561744	0.0127842	0.0019511	0.00552377	0.0150012	0.00211836	0.00532543	0.0183465	0.00244555	0.0163633	-0.000823565	0.0219587	-0.000483346	0.0142621	-0.000704177	0.0161543	-0.000806759	0.0222984	-0.000497591	0.0142375	-0.000568425	0.0160907	-0.000804848	0.0226363	-0.000480398	0.0143425	-0.000591563	0.0171692	-0.000794657	0.0245087	-0.000411544	0.0155921	-0.000533857	0.017367	-0.000861356	0.025897	-0.00040992	0.0161022	-0.000521594	0.0173717	-0.000856554	0.0264044	-0.000209632	0.0167376	-0.000633888
52797955	G	17	0	0.00513193	0.0093852	0.00151404	0.00537981	0.0105537	0.00159631	0.00548405	0.0114616	0.00165188	0.00569436	0.013409	0.00174771	0.00581688	0.0165146	0.00197301	0.00559881	0.0207726	0.00224282	0.0148037	-0.000662634	0.0195126	-0.000473109	0.0129275	-0.000574218	0.0145341	-0.00061818	0.0197166	-0.000448492	0.0128002	-0.000514428	0.0146836	-0.000610353	0.0203307	-0.000504291	0.013039	-0.000429483	0.0154007	-0.000551853	0.0217743	-0.00044582	0.0138959	-0.000352874	0.0157237	-0.000525435	0.0231312	-0.000474883	0.0144944	-0.000295769	0.0155703	-0.000603033	0.0236998	-0.000447921	0.0148766	-0.000452953
52797956	U	14	0	0.00651055	0.012079	0.00177392	0.00686347	0.0137332	0.00183985	0.00707817	0.0151654	0.00189347	0.00751519	0.0181771	0.00206078	0.007668	0.0225849	0.00230811	0.00733058	0.0284452	0.00266065	0.0183304	0.00077862	0.0259068	0.000524628	0.0155347	0.000605582	0.0183552	0.000804593	0.0268959	0.000507367	0.0157219	0.000671437	0.0179587	0.000804025	0.0272983	0.000443782	0.0154841	0.000713903	0.0191203	0.000906502	0.0297686	0.000443099	0.016867	0.00081489	0.0193616	0.000781582	0.0319465	0.000209745	0.0175448	0.000662565	0.019548	0.000730115	0.0337625	-1.08423e-05	0.0186058	0.000489094
52797957	G	5	0	0.00403131	0.00772416	0.000890114	0.0042372	0.00877836	0.000916374	0.00441346	0.00980182	0.000959007	0.00466838	0.0118055	0.00101721	0.00484666	0.0151365	0.00114935	0.00464156	0.0195706	0.00133969	0.0127951	-0.000840932	0.017202	-0.000812713	0.0111043	-0.000329747	0.0128219	-0.000707269	0.0176799	-0.00074051	0.0112678	-8.8897e-05	0.0124558	-0.000735587	0.0178074	-0.000728488	0.0110347	-0.000176818	0.0129558	-0.000513931	0.0195181	-0.000396531	0.0116852	-4.39806e-05	0.0133558	-0.000581203	0.0212907	-0.000101389	0.0123184	-0.000175956	0.0135326	-0.000633671	0.0225288	0.000565291	0.0130048	-0.000401811
52797958	G	20	0	0.0101155	0.018978	0.00257698	0.0105909	0.0214101	0.00267905	0.0110866	0.0240295	0.002789	0.011702	0.0287505	0.0029804	0.0119854	0.0359961	0.00335793	0.0111732	0.0450699	0.00367626	0.0131875	-0.000911646	0.0189942	-0.00100519	0.0104321	-0.000279452	0.0131843	-0.000847562	0.0197846	-0.000941125	0.0105058	-0.000314019	0.0130957	-0.000881871	0.0203703	-0.000945526	0.0105069	-0.000379872	0.0135261	-0.000789491	0.021731	-0.000797003	0.0110948	-0.000292865	0.0136514	-0.000788647	0.0233887	-0.000604071	0.0115654	-0.000330331	0.0138695	-0.000792984	0.0249332	-7.42918e-05	0.0124939	-0.000486193
52797959	G	6	0	0.00597797	0.0111531	0.00157596	0.00623296	0.0125173	0.00163737	0.00639279	0.0137099	0.0017018	0.00677241	0.0164734	0.00180961	0.00689775	0.0203791	0.00205369	0.00658449	0.0257341	0.00234915	0.0125067	-0.00167236	0.0171183	-0.0012177	0.0105251	-0.00141391	0.0124961	-0.00164042	0.0175854	-0.0012219	0.0106426	-0.00134079	0.012379	-0.00164565	0.0179355	-0.00117274	0.0106167	-0.00138594	0.0130173	-0.00157609	0.0190965	-0.0010337	0.0114134	-0.0013173	0.0133549	-0.00172891	0.0203254	-0.000951515	0.0120325	-0.00147757	0.0133947	-0.00166879	0.0210716	-0.000670676	0.0125744	-0.00134904
52797960	G	19	1	0.00395063	0.00731798	0.00108633	0.00407831	0.00811934	0.00112321	0.00416973	0.00886122	0.00116204	0.00442116	0.0106261	0.00124686	0.00450975	0.0131952	0.00138891	0.0042317	0.0164061	0.00153907	0.00957534	-0.000483559	0.0130876	-0.000568468	0.00808704	-0.000143213	0.00969122	-0.000438149	0.0136136	-0.000554017	0.00828159	-7.13701e-05	0.00960574	-0.000401409	0.013834	-0.000478476	0.00828616	-0.000102425	0.00995811	-0.000343669	0.014558	-0.000366766	0.00876909	-0.000124789	0.0102311	-0.000382577	0.0156031	-0.000257657	0.00923049	-0.00015489	0.0103395	-0.000411662	0.0162212	3.77389e-05	0.00971972	-0.000265003
52797961	C	0	0	0.000811806	0.00146226	0.000258518	0.000833386	0.00161365	0.000262801	0.000845948	0.00174698	0.000268301	0.000903479	0.00210729	0.000287641	0.000910854	0.00254868	0.000322358	0.000854641	0.00308327	0.000361736	0.00472363	0.00123986	0.0069297	0.00100177	0.00410696	0.000849847	0.00467536	0.00131587	0.00712235	0.00103968	0.00413274	0.000975036	0.00473468	0.00141124	0.00711554	0.00109457	0.00424397	0.00102926	0.00491094	0.0014475	0.00749417	0.00106436	0.00451682	0.00106957	0.00494776	0.00143283	0.00778661	0.000914254	0.0046825	0.00109393	0.00520302	0.00125181	0.0083612	0.000715744	0.00509485	0.000841056
52797962	A	1	0	0.000543529	0.000945504	0.000201603	0.00056566	0.00105708	0.000206299	0.000582106	0.00115973	0.000211795	0.000615977	0.00138843	0.000220811	0.000619771	0.00167796	0.000239546	0.00058756	0.00205411	0.000263203	0.00669162	0.00116653	0.00795269	0.000670829	0.00625862	0.00103917	0.00665423	0.00120551	0.00795522	0.000653197	0.00628627	0.00107531	0.00651335	0.001183	0.00801275	0.000610507	0.00615154	0.00100411	0.00694027	0.00126034	0.00842272	0.000544945	0.00665233	0.00103688	0.00699124	0.00122683	0.00861463	0.000232339	0.00677036	0.00105859	0.00722853	0.00106645	0.00882603	-0.000201759	0.0071254	0.000859758
52797963	G	0	0	0.000412181	0.000723098	0.000147711	0.000427529	0.000804189	0.000152088	0.000441019	0.000884006	0.000157023	0.000460342	0.00103668	0.000165503	0.000456884	0.00122473	0.000180985	0.000433036	0.00147622	0.000202315	0.00990808	-0.000284265	0.012545	-0.000319611	0.00899399	-9.82811e-05	0.0100104	-0.000378612	0.0127727	-0.000391352	0.00922027	-0.000181813	0.00991345	-0.000335493	0.0130133	-0.000375984	0.00915851	-0.000178322	0.0103953	-0.000325453	0.0134296	-0.000356837	0.00980234	-0.000235051	0.010834	-0.000205729	0.01404	-0.000385536	0.0104016	-0.000127289	0.0110748	-0.000359455	0.0143269	-0.000580153	0.0108786	-0.00030553
52797964	G	4	0	0.000833472	0.00153502	0.000236729	0.000886372	0.00175751	0.000249333	0.000917357	0.00194033	0.000261536	0.000991366	0.0023707	0.000285731	0.000987181	0.00284909	0.000318168	0.000918856	0.00348059	0.000352276	0.00889596	-0.000767284	0.0119821	-0.000533299	0.00776049	-0.00091187	0.00890269	-0.000887643	0.0122593	-0.000667765	0.00787545	-0.000906626	0.00876022	-0.000868193	0.0124636	-0.000658886	0.00779446	-0.000934665	0.00919643	-0.000946819	0.0131029	-0.000715048	0.00836682	-0.000975865	0.00950063	-0.000922112	0.01386	-0.000758891	0.00885849	-0.000876575	0.00951477	-0.000936774	0.0143205	-0.000899512	0.00918113	-0.000834466
52797965	G	2	0	0.00114679	0.00221735	0.000236163	0.00121626	0.00254132	0.000247274	0.00126006	0.00282447	0.000257131	0.00136195	0.00348192	0.000277418	0.00138682	0.00435967	0.000318628	0.00130415	0.00552269	0.000371135	0.0117443	-0.000603448	0.0170559	-0.000442767	0.00970288	-0.00048095	0.0117827	-0.000688109	0.0176862	-0.000518536	0.00988813	-0.000575169	0.0114887	-0.000711132	0.0179679	-0.000505007	0.009701	-0.00064907	0.0122948	-0.000853508	0.0193555	-0.000567452	0.0107138	-0.000754045	0.0123955	-0.000815585	0.0204868	-0.00049275	0.0111292	-0.0007018	0.0124959	-0.000738079	0.0216676	-0.00039573	0.011792	-0.000558236
52797966	G	0	0	0.00060224	0.00115606	0.000131151	0.00063042	0.00130621	0.000136233	0.000641896	0.00142397	0.000140509	0.000685994	0.00172493	0.000154498	0.000677181	0.00207764	0.000173975	0.000624428	0.00253006	0.000202958	0.00963328	9.90393e-05	0.0136916	0.000114668	0.00813458	1.31455e-05	0.00967207	-8.30588e-06	0.0141661	5.66568e-05	0.00829277	-8.69069e-05	0.0093894	-7.65904e-06	0.0143007	6.09836e-05	0.00809892	-8.60714e-05	0.00999424	5.19623e-05	0.0152807	0.000119186	0.00887571	-3.32252e-05	0.0101994	-1.21662e-05	0.0163223	0.000110463	0.00930169	-2.8623e-05	0.0102299	-1.01449e-05	0.0169683	0.000186416	0.00976894	-1.24385e-05
52797967	A	0	0	0.000313173	0.000595188	7.32869e-05	0.000320801	0.000657495	7.45856e-05	0.000328582	0.000719529	7.7948e-05	0.000350344	0.000868716	8.51582e-05	0.000338448	0.001015	9.53521e-05	0.000308084	0.00121343	0.000107847	0.00411409	-3.80412e-05	0.00544283	-0.000445897	0.00365477	0.00041996	0.0040972	-0.000192558	0.00555708	-0.000578898	0.00368239	0.000290229	0.0040091	-0.000142837	0.00561108	-0.000594638	0.00362375	0.000309404	0.00428206	-0.000197292	0.00596324	-0.000592915	0.00396121	0.000194622	0.00434176	-0.00011694	0.00618816	-0.000619483	0.00410215	0.000301126	0.00439718	-0.000222791	0.00651979	-0.000573308	0.00428466	-1.89155e-05
52797968	C	0	0	0.000145359	0.000249265	5.69755e-05	0.000149103	0.000274271	5.75718e-05	0.000152778	0.000298009	5.9671e-05	0.000157678	0.000343661	6.25341e-05	0.000156155	0.000397505	6.94333e-05	0.000147711	0.000460923	7.84381e-05	0.00458887	0.00112091	0.00699059	0.000885238	0.00388223	0.000579421	0.00463224	0.00092005	0.00726889	0.00081448	0.00396102	0.000381549	0.00442565	0.000955053	0.00727529	0.000817764	0.00390629	0.000440621	0.00473226	0.000945388	0.00773191	0.000704497	0.00423094	0.000619285	0.00485909	0.000941831	0.00829473	0.000647424	0.00447949	0.000630124	0.00489588	0.000818872	0.0087247	0.000516957	0.00477608	0.000550368
52797969	A	0	0	0.000425023	0.000772818	0.000129184	0.000443	0.00086422	0.000134974	0.000458036	0.000950958	0.000142026	0.000482525	0.00112838	0.000152121	0.000469465	0.00130811	0.000168128	0.000423891	0.00150486	0.000184812	0.00377131	0.000731536	0.00501676	0.00048548	0.00333649	0.000485093	0.00371216	0.000321334	0.00505239	0.000225296	0.00332919	8.46903e-05	0.00363089	0.000328282	0.00510122	0.000199391	0.0032715	0.000118164	0.00391008	0.000429777	0.00545709	0.00020839	0.00360844	0.000228485	0.00395802	0.000325627	0.00561891	2.79795e-05	0.00373723	0.000153222	0.00404057	0.000444068	0.00578533	-6.97898e-05	0.00393988	0.000279966
52797970	G	0	1	0.000213311	0.000366007	8.34261e-05	0.000218858	0.000402364	8.46657e-05	0.000224235	0.000437634	8.74264e-05	0.000232654	0.000510177	9.06801e-05	0.000232248	0.000600515	9.99235e-05	0.000223045	0.000717021	0.000113792	0.00627589	-0.000375578	0.00835961	-0.000536255	0.00556845	0.000528538	0.00620635	-0.000510372	0.00851443	-0.000668033	0.0055668	0.000438544	0.0062496	-0.0005469	0.00882288	-0.000693598	0.00564185	0.000331556	0.00654003	-0.000655904	0.00922947	-0.000691532	0.00603876	9.54933e-05	0.00671132	-0.000572262	0.00966606	-0.000586318	0.0063382	0.000108517	0.00697137	-0.000529316	0.0104214	-0.000346456	0.00679541	-8.21621e-05
52797971	G	1	0	0.000213573	0.000358904	8.99526e-05	0.000216898	0.000387576	9.20856e-05	0.000220877	0.000417166	9.50374e-05	0.000227539	0.000478021	9.93989e-05	0.000226769	0.000549604	0.000110769	0.000216876	0.000638091	0.000123715	0.0058449	-0.000336283	0.00747971	-0.000466008	0.00528083	0.000362867	0.00582981	-0.000511765	0.00764795	-0.000629453	0.00531699	0.00025802	0.00585214	-0.000603414	0.00786442	-0.000655016	0.00536715	7.59699e-05	0.00599962	-0.000512898	0.00805528	-0.0005242	0.00560572	4.88545e-05	0.00620492	-0.000573594	0.00845325	-0.000463597	0.00591209	-2.84682e-05	0.0063124	-0.000565193	0.00876458	-0.00030593	0.00617715	-0.000205319
52797972	A	2	0	0.00041251	0.00073147	0.000141198	0.000425225	0.000806875	0.000146135	0.000433964	0.000873777	0.000152002	0.000463472	0.0010472	0.000164849	0.000460731	0.00122727	0.000185302	0.000445501	0.00149832	0.000212649	0.00590212	0.00159188	0.00759696	0.000987747	0.0053259	0.00170659	0.00586892	0.00144487	0.00774636	0.00090471	0.00534601	0.00152265	0.00584401	0.00156341	0.0079747	0.000984132	0.0053377	0.00153737	0.00609764	0.00141649	0.00833858	0.00082542	0.00567486	0.00137531	0.00609349	0.00160529	0.00858043	0.000858171	0.00577603	0.00142525	0.00614303	0.00146198	0.00894032	0.000599264	0.00599565	0.00127715
52797973	A	1	0	0.000390504	0.00061174	0.000202318	0.000403047	0.000671312	0.000206873	0.000413548	0.000725792	0.000213369	0.000426849	0.000833049	0.000219047	0.000429117	0.000971625	0.000234186	0.000417086	0.00115545	0.000253783	0.00562634	0.000215706	0.00725769	0.000105042	0.00503587	0.00043865	0.00559144	0.000104042	0.00741473	3.03747e-05	0.00504476	0.000319385	0.00550387	0.000312055	0.00752056	8.04115e-05	0.00498858	0.000554025	0.00582112	0.000213439	0.00794627	9.23923e-05	0.00538647	0.000258679	0.00577772	0.000409758	0.00810566	3.72315e-05	0.00545036	0.000535666	0.00591142	9.01493e-05	0.00855163	-0.00017416	0.00574896	0.000113295
52797974	U	1	0	0.000442283	0.000759315	0.000172612	0.000459035	0.000842285	0.000178775	0.000468329	0.000910771	0.000184681	0.000488269	0.00105733	0.000197149	0.000486313	0.00123498	0.000217305	0.000448947	0.00141522	0.000235234	0.0105353	-0.000182851	0.0146587	-6.66066e-05	0.00900046	0.000131144	0.0104657	-0.000307957	0.0150696	-0.000122528	0.00904172	-7.17643e-05	0.0102634	-0.000240056	0.015356	-0.000123466	0.00891367	-4.52335e-06	0.0107003	-0.000123094	0.0163616	7.86991e-05	0.00949894	-0.000116466	0.0105738	-7.33529e-05	0.0168855	0.000110874	0.00965086	-0.000169198	0.0106809	-0.000588681	0.0178749	-5.19612e-05	0.0101962	-0.00073656
52797975	A	1	1	0.00187291	0.00302185	0.000895599	0.00191108	0.00327217	0.000915763	0.00192619	0.00345507	0.000946039	0.00197661	0.00388184	0.00100194	0.0019311	0.00426471	0.0010926	0.00181135	0.00455162	0.00120529	0.00850762	-0.000306002	0.0109646	3.12667e-05	0.00759456	-0.00066621	0.00845265	-0.000320132	0.0112207	8.2557e-05	0.00760008	-0.000802597	0.00833555	-0.000255582	0.0114668	7.64527e-05	0.00751166	-0.000662305	0.00877128	-0.00020605	0.0121039	5.41518e-05	0.00806193	-0.000566143	0.00873255	-0.000141872	0.0124397	-6.47801e-06	0.00818666	-0.000451113	0.00885743	-0.000433757	0.0130226	-0.000145109	0.0085787	-0.000702401
52797976	C	4	0	0.00108456	0.00172564	0.000539249	0.00109699	0.0018447	0.000550208	0.00111056	0.00195217	0.000570998	0.00112394	0.00215525	0.000596344	0.00109777	0.00236098	0.000643882	0.00106785	0.00262285	0.000723934	0.00893806	-0.00125032	0.0127195	-0.000612591	0.00767471	-0.00130318	0.00887309	-0.00138853	0.0130199	-0.000574062	0.00774179	-0.00158341	0.00872231	-0.00135902	0.0132099	-0.000519446	0.00767933	-0.00154111	0.00929105	-0.00132725	0.0141379	-0.000410814	0.00840317	-0.00138803	0.00925939	-0.00119059	0.0144746	-0.000246952	0.0086173	-0.00107478	0.00956206	-0.00137426	0.0155281	-0.0001668	0.00927114	-0.00109655
52797977	U	2	0	0.00129295	0.00202524	0.000670055	0.00130876	0.00217018	0.000678826	0.00132927	0.00232105	0.000693445	0.00138178	0.00267264	0.000721409	0.00138108	0.00308528	0.000768738	0.00130769	0.00349304	0.000824356	0.0118183	-1.68705e-05	0.0156373	-6.49477e-05	0.0104201	0.000972572	0.0119257	-0.000234579	0.0162276	-0.00016944	0.0106174	0.00062432	0.0115686	-3.24718e-05	0.0162874	-0.000124862	0.0103388	0.000885697	0.0120488	-2.56732e-05	0.0174404	4.20027e-05	0.010929	0.000551846	0.0122639	-5.00175e-05	0.0187914	1.41694e-06	0.0113363	0.000369669	0.0124356	-0.000264819	0.0203047	1.04453e-06	0.011934	-2.08949e-05
52797978	G	5	0	0.00101514	0.00165455	0.000471256	0.00104	0.00180076	0.000483685	0.00106107	0.00194188	0.000496393	0.00110735	0.00224122	0.000527282	0.00111514	0.00259598	0.000583045	0.00106729	0.00295033	0.000650813	0.0136938	0.000443114	0.0176306	0.000290512	0.0122971	0.000406984	0.0137418	0.000455683	0.0181604	0.000325431	0.0124447	0.000395374	0.0134533	0.000426705	0.018286	0.00030779	0.0122408	0.000335699	0.0141844	0.000617455	0.0197254	0.000439708	0.0130797	0.000402316	0.0144271	0.000465883	0.0211732	0.000404155	0.0135088	0.000283342	0.0144629	0.000216518	0.0226414	0.000469914	0.0139795	-3.09089e-05
52797979	A	1	0	0.000667409	0.00108233	0.000314472	0.00067879	0.00117121	0.000318696	0.000691324	0.00126084	0.000326211	0.000706704	0.00142784	0.000337785	0.000699922	0.00163598	0.000363583	0.000670283	0.00188178	0.000402336	0.00606904	-0.00077688	0.00734194	-0.00061184	0.00560818	9.50493e-05	0.00610425	-0.000922782	0.00755525	-0.000656903	0.00567201	-0.000199094	0.00595113	-0.00075529	0.00760652	-0.000629113	0.00552803	4.94113e-05	0.00619396	-0.000960516	0.00807178	-0.00074629	0.00580749	-0.000206161	0.00622597	-0.000957121	0.00850616	-0.000704095	0.00590259	-0.000454823	0.00637069	-0.000664482	0.00932282	-0.000469867	0.0061803	-0.000308078
52797980	C	4	0	0.00064923	0.00108588	0.000277811	0.000662637	0.00118487	0.000280745	0.000685327	0.00130002	0.000291248	0.000706498	0.00150136	0.000299865	0.000707175	0.00178131	0.000321219	0.000701638	0.00218791	0.000372918	0.00651413	-0.000912143	0.00908019	-0.000479617	0.00571556	-0.000444127	0.00669218	-0.00108354	0.00931447	-0.000511014	0.00594531	-0.000672923	0.00633276	-0.00113726	0.00926124	-0.000508577	0.00566144	-0.000760797	0.00676398	-0.00101462	0.0100091	-0.000376457	0.0061622	-0.000634028	0.00668594	-0.00098058	0.0104644	-0.000250408	0.00620695	-0.000611164	0.00671465	-0.00130763	0.0111302	-0.000208768	0.00647686	-0.00088275
52797981	U	4	0	0.000627405	0.0010473	0.000270239	0.000652333	0.00116065	0.000280618	0.000661462	0.00124202	0.000289271	0.000683784	0.00142679	0.000303682	0.000687433	0.00166496	0.000336191	0.000647893	0.0018858	0.000374103	0.00496057	0.000687061	0.00713084	0.00079599	0.00437402	-0.0001967	0.00502521	0.000539891	0.00732282	0.000712727	0.00448098	-0.00025886	0.00490353	0.000549117	0.00754966	0.000744116	0.00439412	-0.000232603	0.00507021	0.000689122	0.00813579	0.00072198	0.00452472	1.38729e-05	0.00503902	0.000553825	0.00857542	0.00070793	0.00468024	-0.000159104	0.00511796	0.000554283	0.00950164	0.000822192	0.00487574	-0.000202484
52797982	C	3	0	0.000621036	0.00105256	0.000253973	0.000631303	0.00113887	0.000260136	0.000637129	0.00121605	0.000265984	0.000650425	0.00137435	0.000280081	0.00064052	0.00155988	0.000310179	0.000596314	0.00174793	0.000341611	0.00673921	0.000437566	0.00901072	0.000312299	0.00591453	0.00071139	0.00673824	0.000350002	0.00930136	0.00038332	0.00596808	0.000473245	0.00649327	0.000362543	0.00926431	0.000281361	0.0057766	0.000681978	0.00684552	0.000273066	0.0100259	0.000348956	0.00618897	0.000297999	0.00678258	0.000291761	0.0106145	0.000386413	0.00623771	0.000331809	0.00683484	0.00012509	0.0114043	0.000339409	0.00654658	0.00017997
52797983	C	0	0	0.000633322	0.00105053	0.000278437	0.000651961	0.00114434	0.000291899	0.000660774	0.00122261	0.000300583	0.000672556	0.00136468	0.00031848	0.00066379	0.00153136	0.000352056	0.000623369	0.00165926	0.000394261	0.0043388	0.000403869	0.00614953	0.000539146	0.00373743	-0.000191774	0.00436079	0.000575979	0.00639066	0.00069748	0.00381123	-9.78977e-05	0.00432311	0.000475079	0.00652833	0.000668815	0.00381592	-0.0001249	0.0044678	0.000679026	0.00688122	0.000658935	0.00403066	0.000312366	0.00452085	0.000726656	0.00726971	0.000762934	0.00418731	0.000337274	0.00460286	0.000557766	0.00798793	0.000672384	0.00444089	0.000177399
52797984	A	0	0	0.000818854	0.00126894	0.000436002	0.000835858	0.00136275	0.000450555	0.000837474	0.00142355	0.000461741	0.000856701	0.00158618	0.000483517	0.000855693	0.00175287	0.000533322	0.000836586	0.00189633	0.000602201	0.00355106	0.000232824	0.00428448	0.000474645	0.00329127	-0.000536676	0.00351018	0.000174137	0.00432195	0.000328742	0.00327427	-0.000253531	0.00350602	8.91587e-05	0.00444902	0.000448586	0.00327328	-0.00072228	0.00352776	0.000313842	0.00451524	0.000417595	0.00333297	-0.000151528	0.00357951	0.00027961	0.00472589	0.000454661	0.00342662	-0.000274497	0.0036025	0.000347159	0.0049622	0.0004592	0.00352728	-0.000277862
52797985	G	0	0	0.000798801	0.00132324	0.000352703	0.000816397	0.00142854	0.000368751	0.000816682	0.00150206	0.000377288	0.000827846	0.00167748	0.000393195	0.000801608	0.00184079	0.000428214	0.000760865	0.00200033	0.000486732	0.00453403	-0.000927372	0.00541428	-0.000484328	0.00423719	-0.00100069	0.00443059	-0.000737006	0.0054059	-0.000324384	0.00416286	-0.000952645	0.00446011	-0.000888971	0.00553789	-0.000369957	0.00420804	-0.00109774	0.00453499	-0.00081816	0.00568605	-0.000377832	0.00432241	-0.000849174	0.00464655	-0.000681828	0.00594126	-0.000135194	0.00448599	-0.000760378	0.00468283	-0.000861092	0.00622427	-0.000126678	0.00460914	-0.000920854
52797986	C	0	0	0.000879664	0.00134554	0.000483385	0.000890124	0.00142052	0.000502262	0.000884173	0.00146685	0.000510621	0.000896789	0.00158956	0.000542384	0.000874094	0.00167826	0.000585145	0.000845309	0.00170653	0.000654831	0.003481	0.000296562	0.00471166	0.000524725	0.00306155	-0.000506678	0.00347369	0.000349866	0.00484925	0.000568296	0.00308941	-0.000364084	0.00337956	0.000235164	0.00485986	0.000556702	0.00302663	-0.000489257	0.00352871	0.000390112	0.00523407	0.000582275	0.00320603	-0.000182874	0.00348415	0.000404997	0.00543574	0.000670337	0.00323377	-0.000158282	0.00361044	0.000510541	0.00599189	0.000712533	0.0034837	-1.49751e-05
52797987	A	2	0	0.00226718	0.00365858	0.00108365	0.00231812	0.00395092	0.00112411	0.00234585	0.00420249	0.00115556	0.00241558	0.00475739	0.00121756	0.002393	0.00532704	0.00133875	0.00223917	0.00579723	0.00145223	0.00519946	0.000601288	0.00628757	0.000443844	0.00476121	0.000296271	0.00522468	0.00052034	0.0064487	0.000414041	0.00481718	0.000116595	0.00502728	0.000629567	0.00637006	0.000500863	0.00464311	0.00025784	0.00520786	0.000540909	0.00672143	0.000381466	0.00485821	0.000220952	0.00514807	0.000667138	0.00693201	0.000519487	0.00486344	0.000215114	0.0052092	0.000577675	0.00728869	0.000516561	0.00505188	0.000164312
52797988	G	1	0	0.00136258	0.00228122	0.000581172	0.00140352	0.00249766	0.000603401	0.00141037	0.00264301	0.000620123	0.00146395	0.00304057	0.000657391	0.00145499	0.00351142	0.000716086	0.00137341	0.0039606	0.000801203	0.00544112	-0.000523482	0.00657946	-0.00013553	0.0050321	-0.000902338	0.00539079	-0.000319922	0.00669936	2.63485e-05	0.00500377	-0.000795216	0.00542884	-0.000366743	0.00694657	2.39664e-05	0.00504718	-0.000814024	0.00553028	-0.000320265	0.00718792	-8.69278e-06	0.00519427	-0.000597379	0.00564661	-0.000267817	0.00760943	0.000205949	0.00537359	-0.000642539	0.00572341	-0.000351383	0.00810112	0.000172828	0.00557832	-0.000571948
52797989	A	0	0	0.00100111	0.00149595	0.000580199	0.00102229	0.00159431	0.000603992	0.00101523	0.0016462	0.000610717	0.00102411	0.00178512	0.000634798	0.00100975	0.00190707	0.00068733	0.000974127	0.00198178	0.000751264	0.00500564	0.000516828	0.00569044	0.000561676	0.00476469	4.47241e-06	0.00503073	0.000673555	0.00577292	0.000692049	0.00481895	0.000111942	0.00501593	0.000537177	0.00590715	0.000660136	0.00479547	-9.68052e-05	0.00522228	0.00069199	0.00625837	0.000594368	0.00501877	0.000297202	0.00521114	0.000743635	0.00647616	0.000588548	0.00504162	0.000412213	0.00503862	0.000632166	0.0064827	0.000464892	0.00495925	0.000299289
52797990	A	2	0	0.00148615	0.00211558	0.000950752	0.00151356	0.0022357	0.000985473	0.00149867	0.00228717	0.000993168	0.00151792	0.00248473	0.00102332	0.00152673	0.00271681	0.00109912	0.00151745	0.00290151	0.00121134	0.00575455	0.000388836	0.00679558	0.0005452	0.00543807	-0.000348016	0.00584031	0.000575074	0.0070178	0.000664607	0.00554706	-0.000200182	0.00573153	0.000508264	0.00708151	0.000745261	0.00544121	-0.000407972	0.00590269	0.000675662	0.00743391	0.000581332	0.00564274	0.0002486	0.00586589	0.000599096	0.00771245	0.00052677	0.0056479	0.00015241	0.00591853	0.000440146	0.00825241	0.00050125	0.0058055	-3.68831e-05
52797991	C	5	0	0.00181768	0.00254692	0.00119738	0.00183597	0.00265936	0.00123384	0.00182005	0.00270036	0.00125568	0.00179774	0.0028244	0.00127252	0.00177275	0.00296328	0.00134498	0.00180053	0.00310432	0.00151217	0.00426121	-0.000255941	0.0054357	-0.000217327	0.00407727	0.000141329	0.00435829	-0.000180295	0.0055536	-8.92154e-05	0.00419008	8.19845e-05	0.00427134	-0.00030762	0.0056959	-0.000141706	0.00410071	-3.95026e-05	0.00456046	-0.000227747	0.00596622	-8.00089e-05	0.00439678	5.64834e-06	0.0045175	-0.00023466	0.00621309	-3.13721e-05	0.00437745	-4.82871e-05	0.00460947	-0.000321323	0.00673495	-1.70506e-05	0.00449799	-0.000177905
52797992	A	15	0	0.00620692	0.0083056	0.00442175	0.00625902	0.00855347	0.00458116	0.00624329	0.00876751	0.00462502	0.0062685	0.00930859	0.00471327	0.00616199	0.00967184	0.00490084	0.0061472	0.0100597	0.00528188	0.00856021	0.000542674	0.00953731	0.000430853	0.00823181	0.000559971	0.00862294	0.000408563	0.00978364	0.000373227	0.00830601	0.000385472	0.00840204	0.000482124	0.00975929	0.000467075	0.00808425	0.000353601	0.00844641	0.00062468	0.00997918	0.00053753	0.00816242	0.00054576	0.00834274	0.000636351	0.0102316	0.000531757	0.00810411	0.000520683	0.00857586	0.000586359	0.0108211	0.000510823	0.00846654	0.000410588
52797993	A	6	0	0.00358019	0.00409427	0.00314291	0.00359374	0.00417213	0.00317079	0.00357848	0.00419281	0.00318463	0.00360031	0.00439405	0.00319425	0.00362452	0.00465779	0.00325325	0.00363306	0.0049232	0.00334772	0.00792808	0.000392739	0.00917737	0.000264479	0.00760774	0.000604307	0.00794758	0.000333091	0.00939483	0.00022716	0.00764637	0.000519695	0.00776812	0.00040756	0.00943855	0.000308168	0.00746557	0.000457474	0.00804071	0.000510108	0.0099748	0.000288244	0.00776346	0.000662122	0.00798215	0.000620918	0.0103187	0.000247009	0.00775144	0.00080822	0.00828583	0.000665897	0.0114464	0.000267549	0.00816782	0.00068311
52797994	G	1	0	0.00125379	0.00176216	0.000821359	0.00126482	0.00183502	0.000847854	0.00125596	0.00187056	0.000861947	0.00127269	0.00201284	0.000894037	0.00124807	0.00211017	0.000938301	0.00122321	0.00218723	0.00101	0.00797804	-0.000308061	0.010023	-0.000236847	0.00729715	0.000201879	0.00812286	-0.000325357	0.0104347	-0.000239389	0.00749481	0.000138555	0.00798396	-0.00047903	0.0105617	-0.000303805	0.00738629	-0.000118663	0.00823924	-0.000479545	0.0110927	-0.000182019	0.00771929	-0.000229635	0.00848487	-0.000432501	0.0117605	-0.000162457	0.00808294	-0.000133737	0.00843535	-0.000445784	0.0123088	-2.53829e-05	0.00824924	-0.000266422
52797995	C	0	0	0.00155302	0.00195067	0.00121477	0.00156343	0.00198678	0.00125384	0.00153297	0.00196116	0.00125846	0.00154667	0.00202732	0.00130078	0.0015567	0.00200101	0.00139705	0.00159384	0.00191813	0.00152211	0.00659776	7.76235e-05	0.00880234	3.57584e-06	0.00586015	0.000577807	0.00660998	-5.3325e-05	0.00907914	-1.67708e-05	0.00593579	0.000332717	0.00646363	-0.000185216	0.00918286	-6.62047e-05	0.00583025	9.97073e-05	0.00675981	9.75917e-06	0.0098261	2.298e-05	0.00619705	0.000404349	0.00687834	7.5835e-06	0.0104407	3.88287e-05	0.00643744	0.000291616	0.00699162	-2.66463e-05	0.0111892	6.45556e-05	0.00678498	0.000125807
52797996	C	2	0	0.00203916	0.00309595	0.00114024	0.00206983	0.00328364	0.00118221	0.00205494	0.00338366	0.00120311	0.00206826	0.00368073	0.00124337	0.00203495	0.00397722	0.00133706	0.00195291	0.004212	0.00145327	0.00593206	0.00029605	0.00819174	0.00011286	0.00517938	0.000866328	0.00598432	0.000287732	0.00851711	0.000131068	0.00529683	0.000772143	0.00586952	0.000212758	0.00864322	0.000102243	0.00522785	0.000582895	0.00610346	0.000203324	0.00923351	0.000169713	0.00553429	0.000414317	0.00617017	0.000190289	0.0098034	0.000188338	0.00572556	0.000284237	0.00621695	0.000255503	0.0106625	0.000124512	0.00600147	0.000381772
52797997	U	1	0	0.00155651	0.00240819	0.000832067	0.00158235	0.00256411	0.000864411	0.00157297	0.00265987	0.000876162	0.00159867	0.00293738	0.000913826	0.00159152	0.00325564	0.000993574	0.00152514	0.00352888	0.00108197	0.00702674	-0.000833647	0.00826868	-0.000340149	0.00655094	-0.000368052	0.00711104	-0.000905228	0.00838496	-0.000311796	0.0067026	-0.000577096	0.006894	-0.000997991	0.00828183	-0.000352562	0.00651224	-0.000722496	0.00682946	-0.00106481	0.00837643	-0.000273642	0.00649024	-0.000905669	0.0068377	-0.000952136	0.00866862	-0.000207782	0.00658057	-0.000649957	0.00676447	-0.000873399	0.00933923	-0.000200699	0.0066281	-0.000525649
52797998	G	0	0	0.00192825	0.0028516	0.00114284	0.00194637	0.0029856	0.00118641	0.0019215	0.00305238	0.0011965	0.00192952	0.00325689	0.00125047	0.00192337	0.00348354	0.00136278	0.00188098	0.00367111	0.00148505	0.00628344	-0.00130469	0.00685481	-0.00046129	0.00607237	-0.00110166	0.00636411	-0.00135406	0.00690419	-0.000404535	0.00619711	-0.00137883	0.00625053	-0.00142967	0.00683441	-0.000391515	0.00609656	-0.00149902	0.00615828	-0.00142853	0.00678255	-0.000378026	0.00602772	-0.00145936	0.00620359	-0.0014072	0.00685798	-0.000302629	0.00611021	-0.0013368	0.00613624	-0.00141184	0.00682003	-0.000283056	0.00609628	-0.00119125
52797999	C	2	0	0.00150808	0.00213206	0.000977315	0.00151495	0.00221395	0.00100379	0.00149004	0.00222945	0.001016	0.00150875	0.00235772	0.00107443	0.00147676	0.00238402	0.00115077	0.00147633	0.00234024	0.00128526	0.00451089	-0.000400078	0.00582085	-0.000287504	0.00427467	6.66017e-05	0.00447946	-0.000279039	0.00599194	-0.000214019	0.00428754	0.000116104	0.00440766	-0.000368729	0.00601512	-0.000201766	0.00422875	-0.000107123	0.00440823	-0.000285668	0.00645823	-0.000191653	0.00425962	0.000123141	0.00435286	-0.000261893	0.00669305	-8.68945e-05	0.00424313	-3.66763e-05	0.00442718	-0.0003462	0.00733173	-0.000167225	0.00437752	-0.000211381
52798000	A	5	0	0.00156893	0.00221123	0.00102258	0.00157239	0.00228481	0.00105141	0.00156682	0.00234417	0.00106847	0.00158235	0.00252335	0.00110096	0.00155457	0.00266734	0.00115473	0.00151195	0.00275468	0.00123709	0.00550161	-0.00133784	0.00573078	-0.000399792	0.00541766	-0.00213246	0.00553377	-0.00136119	0.00573413	-0.000399741	0.00547317	-0.00212173	0.00540187	-0.00144652	0.0056161	-0.000350383	0.00534383	-0.00230655	0.00539761	-0.00128792	0.00568784	-0.000343641	0.00533405	-0.00168045	0.00525414	-0.00136744	0.0055566	-0.000215022	0.00520551	-0.00183679	0.00519124	-0.00132393	0.00558866	-0.000237235	0.0051623	-0.00158164
52798001	G	0	0	0.000793331	0.00113609	0.000501777	0.000804559	0.00119505	0.000519006	0.000802859	0.00123943	0.000522976	0.000802789	0.00133749	0.000529247	0.000813843	0.00146365	0.000580355	0.000821006	0.00155709	0.000658206	0.00519545	-0.000939351	0.0057012	-0.000453789	0.00507287	-0.00146877	0.00523416	-0.000931996	0.00572817	-0.000478649	0.00509532	-0.00137283	0.00528239	-0.000921158	0.00580065	-0.00040885	0.00515689	-0.0014281	0.00512286	-0.000878222	0.00572202	-0.000391489	0.00500894	-0.00132427	0.00515958	-0.00100119	0.00577232	-0.000365219	0.00507918	-0.00143527	0.00503744	-0.000871708	0.00574834	-0.000421832	0.00499965	-0.00109582
52798002	C	2	0	0.000842808	0.00124168	0.000503518	0.000845783	0.00129519	0.000517146	0.000841458	0.00133033	0.000528044	0.000837983	0.00140708	0.000546846	0.000824491	0.00145443	0.000598144	0.000812364	0.00141958	0.000678068	0.00361282	-0.000637394	0.00417131	-0.000119126	0.00342368	-0.000614876	0.00358755	-0.000669827	0.00416072	-7.20651e-05	0.00342777	-0.000704767	0.00354148	-0.000704171	0.0041366	-0.000111224	0.00339928	-0.000742097	0.00353174	-0.0009355	0.00421106	-7.61585e-05	0.00340259	-0.00112779	0.00352015	-0.000950053	0.00425407	-7.58491e-06	0.00342461	-0.00109657	0.00351052	-0.000713687	0.00432973	-6.1085e-05	0.00346512	-0.00066868
52798003	C	7	0	0.000930437	0.00131047	0.000607176	0.000929814	0.00135222	0.000620919	0.000914436	0.00137302	0.000620438	0.000910916	0.00144655	0.000636901	0.000903366	0.00150581	0.0006869	0.000892718	0.00153522	0.000750616	0.00364045	-0.000900754	0.00390754	-0.000327557	0.00355578	-0.00140184	0.00360743	-0.000785035	0.00387057	-0.000283313	0.00354085	-0.00105391	0.00346928	-0.000943185	0.00374554	-0.000291514	0.00340881	-0.00142202	0.0034898	-0.000672529	0.00378766	-0.000119771	0.00343856	-0.000994475	0.0034085	-0.00105122	0.00373719	-9.76972e-05	0.00336988	-0.00161182	0.00338279	-0.000584477	0.00378582	-0.000138271	0.00336439	-0.000672514
52798004	U	1	0	0.00127725	0.00191758	0.000732573	0.00129516	0.00202022	0.000764949	0.00127413	0.00206515	0.000767016	0.00125311	0.00217899	0.000779454	0.00124401	0.00232502	0.000855589	0.00120336	0.00240093	0.000938488	0.00710121	-0.000395222	0.0080417	-0.000291784	0.00668503	0.000385604	0.00713749	-0.000243675	0.00810457	-0.000324451	0.00677168	0.000747384	0.00697585	-0.000411056	0.00799579	-0.000385281	0.00663817	0.000333882	0.00678068	-0.000294497	0.00795234	-0.00024901	0.00647234	0.000317789	0.00678204	-0.000280054	0.00804083	-0.000313208	0.00654639	0.000193892	0.00665904	-5.96734e-05	0.00800652	-0.000265879	0.00652496	0.000347328
52798005	A	4	0	0.0017941	0.00268178	0.00103902	0.00180087	0.00278585	0.00108058	0.0017813	0.00285289	0.0010943	0.0017583	0.00300875	0.0011186	0.0017331	0.00316752	0.00121769	0.00169901	0.00327697	0.00135001	0.0055597	-0.00112306	0.00591351	-0.00066179	0.00537867	-0.00180646	0.0056128	-0.00102026	0.00594729	-0.000746446	0.00545842	-0.00137306	0.00548203	-0.00108753	0.00582063	-0.000693617	0.00534101	-0.00163974	0.00544253	-0.00078383	0.00587548	-0.000639734	0.00530716	-0.000953028	0.00540595	-0.00112462	0.00587366	-0.000762063	0.00529878	-0.0016202	0.00526755	-0.000937617	0.00579225	-0.000774541	0.0051993	-0.00115449
52798006	G	6	0	0.00105289	0.00170086	0.000501731	0.00106626	0.00180717	0.000524452	0.00105732	0.00187273	0.000534572	0.00106366	0.00204713	0.000560538	0.00105876	0.00227307	0.000622437	0.0010205	0.00243246	0.000708215	0.00600634	-0.00113183	0.00621356	-0.000118036	0.0059312	-0.00245136	0.00600437	-0.00124177	0.00618817	-0.000220824	0.00594653	-0.00239742	0.00602552	-0.00137031	0.00620942	-0.000189485	0.00597289	-0.00260394	0.00590775	-0.00148068	0.00612581	-0.000157602	0.00585679	-0.00250615	0.00594535	-0.0017078	0.00613911	-0.000264664	0.00591084	-0.00247226	0.00592385	-0.00174249	0.00612872	-0.000375353	0.00590398	-0.00207499
52798007	G	1	0	0.000944004	0.00136023	0.00058996	0.000942157	0.00139938	0.0006078	0.000937563	0.00142288	0.000626425	0.000929397	0.00148162	0.000646892	0.00092282	0.0015049	0.000713669	0.000917008	0.0014416	0.000800984	0.00660366	-0.00178088	0.00676216	-0.000870931	0.00693702	-0.00273263	0.00676057	-0.00162883	0.00685808	-0.000939716	0.00668875	-0.00217665	0.00658316	-0.00184806	0.00665824	-0.00104914	0.00685867	-0.00254987	0.00662186	-0.00150083	0.006689	-0.000949166	0.00714737	-0.00177177	0.00669988	-0.001711	0.00671513	-0.00111582	0.00721689	-0.00202628	0.00664553	-0.00153401	0.0066131	-0.00121115	0.00686835	-0.00144084
52798008	G	0	0	0.00145165	0.00221045	0.00080621	0.00146732	0.0023247	0.000840352	0.00146033	0.00240353	0.000855647	0.0014194	0.00249867	0.000867266	0.00139031	0.00259169	0.000958632	0.00134946	0.00254077	0.00108598	0.00712215	-0.00111531	0.00733269	-0.000520092	0.00697789	-0.00160055	0.00726422	-0.00124765	0.00744927	-0.000586881	0.00714022	-0.00180633	0.00711577	-0.00130045	0.00725838	-0.000602545	0.00701127	-0.00178356	0.0071461	-0.00139664	0.00736672	-0.000519594	0.00703773	-0.00189783	0.00719341	-0.00147711	0.00731957	-0.000588735	0.00712398	-0.00179474	0.0070757	-0.00151921	0.00716845	-0.000679645	0.0070292	-0.00157596
52798009	C	2	0	0.00112886	0.00176159	0.000590646	0.00114544	0.00186038	0.000622618	0.0011261	0.00190142	0.000629049	0.00112212	0.00201914	0.000663225	0.00108417	0.00208497	0.000724569	0.00101849	0.00198852	0.000803946	0.0045384	0.000631331	0.00458801	0.000348276	0.00455024	0.00137168	0.00457687	0.000507964	0.00459041	0.000385162	0.0046028	0.00100871	0.00450121	0.000549258	0.00449876	0.000306715	0.00453014	0.00114765	0.00453512	0.000144119	0.00452376	0.000395338	0.00456451	0.00016197	0.00452905	0.000143838	0.00445207	0.000414942	0.00456285	0.000208164	0.0045782	0.000229108	0.00442695	0.000361865	0.00460583	0.000388197
52798010	U	3	0	0.00170499	0.00273277	0.000830758	0.00173526	0.00291446	0.000872939	0.00172165	0.0030172	0.000891086	0.00171056	0.00323007	0.00093322	0.00165921	0.00342904	0.00102328	0.00161062	0.00357014	0.00117724	0.0131946	0.000883141	0.0149254	0.000364141	0.0124732	0.00161095	0.0129751	0.00106192	0.0147624	0.000335279	0.0123486	0.0019942	0.0127061	0.00112249	0.0146459	0.000369611	0.0121254	0.00198241	0.0132483	0.00133113	0.0152276	0.00048146	0.01278	0.00212958	0.0129876	0.00133403	0.0152004	0.000303614	0.0126297	0.00194766	0.0129662	0.00112062	0.015437	0.000249142	0.0127738	0.00141219
52798011	U	4	0	0.00450293	0.00662723	0.00269598	0.00450943	0.00683304	0.00281024	0.00446815	0.00692237	0.00289475	0.00447285	0.0072343	0.00306016	0.00434375	0.00719683	0.00331859	0.00427936	0.00677266	0.00372791	0.0183636	0.0015231	0.0203476	0.00100115	0.0174318	0.00170746	0.0180243	0.00148994	0.0201296	0.000935536	0.0171846	0.00170437	0.0176466	0.00146771	0.0199572	0.000937684	0.0168571	0.00155585	0.018028	0.00119154	0.0204024	0.000896446	0.0173782	0.000970982	0.017884	0.00110702	0.0205934	0.000835462	0.0173692	0.000825781	0.0176674	0.000987014	0.0204771	0.00080292	0.0173898	0.000654202
52798012	A	3	0	0.0050982	0.00711347	0.00338399	0.00513863	0.00729584	0.00356112	0.00504957	0.00729831	0.00360791	0.00502576	0.0074921	0.00376405	0.00491892	0.0073579	0.00404255	0.00491148	0.00681621	0.00449021	0.0166426	0.000820621	0.0169372	-0.000100511	0.0164782	0.00157883	0.0162864	0.00104364	0.016538	-0.000229175	0.0161622	0.00207922	0.0161684	0.000644487	0.0165453	-0.000252882	0.016015	0.00113297	0.0167573	0.000797586	0.0169643	-0.000321667	0.0166832	0.00139031	0.0163933	0.000898534	0.0168407	-0.000304449	0.0162904	0.00118138	0.0162076	0.00100288	0.0166736	-0.00038971	0.0161557	0.00127899
52798013	G	0	0	0.00299437	0.00381012	0.00230049	0.00297738	0.00378085	0.00238983	0.00290742	0.00370416	0.00239663	0.0028597	0.0036357	0.00246271	0.00284605	0.0034193	0.00264008	0.00289522	0.00294344	0.00288455	0.0125141	0.000996962	0.0139614	-0.000396399	0.0119016	0.00224422	0.0120533	0.000721467	0.0136089	-0.000459743	0.0114995	0.00146582	0.0119256	0.000889991	0.0135702	-0.000434159	0.0114171	0.00175656	0.0125922	0.000632216	0.0141984	-0.000505723	0.012197	0.00119067	0.0126782	0.000653213	0.0145572	-0.000635933	0.0123536	0.00111996	0.0124848	0.000687857	0.0145337	-0.000611368	0.01231	0.00103417
52798014	C	4	0	0.00323371	0.00412759	0.00247335	0.00319245	0.00405966	0.00255828	0.00313885	0.00398393	0.00259708	0.00310411	0.00390836	0.00269268	0.00306032	0.00362416	0.00285772	0.0031631	0.00309766	0.00317757	0.00718311	0.00151407	0.00782991	0.000210368	0.00700704	0.00374438	0.00707261	0.00143477	0.00777281	0.000139529	0.00691381	0.00353489	0.00674214	0.00149463	0.00739958	0.000143141	0.00672824	0.00344851	0.00713467	0.00115049	0.00781487	8.99999e-05	0.00704135	0.00243925	0.00704423	0.00124975	0.00789119	0.000152155	0.00698157	0.00218841	0.00711511	0.00155097	0.0079234	0.000251859	0.00710481	0.00216811
52798015	U	5	0	0.00264313	0.0034127	0.00198853	0.00264846	0.00342798	0.00207842	0.00263242	0.00343406	0.00211848	0.00260577	0.00344254	0.0021777	0.00258445	0.00335955	0.00230595	0.00259919	0.00316568	0.0024739	0.0102534	0.000823274	0.0115523	-1.41356e-05	0.00966956	0.00251794	0.0102796	0.000979255	0.0116491	5.15916e-05	0.00976486	0.00262062	0.0100702	0.0010773	0.0115224	0.000122143	0.00959652	0.0025103	0.00993608	0.000697162	0.0114535	-3.33659e-05	0.00954605	0.00171165	0.0101444	0.00100518	0.011794	6.70178e-05	0.00985101	0.00191104	0.00979971	0.00101956	0.0114812	-6.06056e-05	0.00964389	0.00161871
52798016	G	1	0	0.00344241	0.00475298	0.00232762	0.00340358	0.00475192	0.00241758	0.00334301	0.004734	0.00245126	0.00330222	0.00478028	0.00254608	0.00319573	0.00459766	0.00269199	0.00311147	0.00403901	0.00290632	0.00990841	2.68401e-06	0.010352	-0.000341548	0.00969295	0.000450291	0.00999527	-3.95032e-05	0.0104317	-0.000391427	0.00981019	0.00041122	0.0100744	-0.000129019	0.0104664	-0.00028654	0.00991873	-0.000102427	0.00990947	-9.46083e-05	0.0102901	-0.000359333	0.00978698	8.23539e-06	0.0101522	-5.9807e-05	0.0105214	-0.000297697	0.0100612	-3.5191e-05	0.00987119	-0.000329706	0.010245	-0.000254747	0.00981279	-0.00039783
52798017	C	2	0	0.00244857	0.00361945	0.0014526	0.00248115	0.00375021	0.00155312	0.00245812	0.00384983	0.0015659	0.00239037	0.00389756	0.00161932	0.00231722	0.00389667	0.0017497	0.00223085	0.0036587	0.00191505	0.00598301	0.0014767	0.00665379	-0.000437325	0.00588163	0.00522402	0.00590762	0.00164204	0.00664071	-0.000384708	0.00577618	0.0050605	0.00595659	0.00163623	0.00665621	-0.000288731	0.00588034	0.00452156	0.00587187	0.00148715	0.00656899	-0.000402864	0.00588371	0.00375045	0.00595394	0.00149678	0.00667699	-0.000460309	0.00585401	0.00315012	0.00601628	0.00193443	0.00673514	-0.00056239	0.00597772	0.00316293
52798018	U	0	0	0.00330249	0.00421929	0.00252265	0.00330639	0.00420111	0.00265211	0.0033154	0.00426666	0.00270555	0.00333512	0.00433431	0.00282396	0.00331599	0.00429908	0.00296274	0.00334225	0.00411719	0.00317085	0.009338	-0.000258502	0.0103951	0.000505885	0.00880189	-0.000628313	0.00933812	-0.00012464	0.0103633	0.000481143	0.00889297	-0.000257884	0.00920901	-0.000432792	0.0102611	0.000492097	0.00880631	-0.000844064	0.00911653	-0.000360745	0.0101394	0.000241474	0.00880262	-0.000505046	0.00904305	-0.000116668	0.00997692	0.000431387	0.0088338	-4.38461e-05	0.00907927	-0.000183568	0.00977535	0.000398759	0.00898174	-0.000109028
52798019	G	1	0	0.00304485	0.00416846	0.00208909	0.00304988	0.00422696	0.00218912	0.00304239	0.00426537	0.00225834	0.00296417	0.00424743	0.00230769	0.00283617	0.00408841	0.00238621	0.00283163	0.00391621	0.00259175	0.0087703	-0.00146157	0.00893043	-0.000501874	0.00866188	-0.00356805	0.00876203	-0.00149171	0.00884135	-0.000380146	0.00869503	-0.00360264	0.00876828	-0.00162768	0.00877945	-0.000301908	0.00872401	-0.00375762	0.00875018	-0.00185433	0.00863152	-0.000655872	0.00874318	-0.00332046	0.00880362	-0.0016473	0.00857596	-0.000412977	0.00880646	-0.00251086	0.00868607	-0.00245632	0.0083223	-0.000299404	0.00868284	-0.00315185
52798020	C	0	0	0.00128747	0.00150037	0.00110636	0.00130424	0.00150069	0.00116059	0.00128782	0.00147529	0.00116764	0.00126147	0.00140467	0.00118821	0.00124982	0.00130783	0.00122898	0.00126397	0.00114154	0.00129105	0.00735326	-0.00190055	0.00758282	-0.00186926	0.00723844	-0.00235895	0.00724309	-0.00166266	0.0074638	-0.00154859	0.00714869	-0.00223577	0.00729189	-0.00179332	0.00746588	-0.00138734	0.00721904	-0.00292116	0.00732648	-0.002083	0.0074164	-0.00183486	0.00728532	-0.00285124	0.00736635	-0.00173157	0.00739556	-0.00181025	0.00734153	-0.00198489	0.00734948	-0.00172845	0.00729204	-0.00131035	0.00733295	-0.00207242
52798021	A	6	0	0.00376948	0.00489329	0.00281356	0.00377188	0.00491171	0.00293835	0.00375765	0.00495903	0.00298745	0.00374047	0.00494572	0.00312389	0.00365709	0.00474557	0.00326599	0.00356075	0.00440294	0.00337448	0.00693241	0.000680264	0.00566184	-0.000812955	0.00934143	0.00406747	0.00690096	0.000669014	0.0055358	-0.000586579	0.0091386	0.00325844	0.00676171	0.000587389	0.00537666	-0.000582738	0.00859084	0.00284865	0.00692341	0.00024791	0.00523604	-0.000856628	0.00871347	0.00182295	0.00711472	0.000465661	0.00503737	-0.000885773	0.00850563	0.00172106	0.00714811	0.000821864	0.00479583	-0.000600813	0.00803692	0.00170914
52798022	A	7	0	0.00172533	0.00228479	0.00124945	0.00172765	0.00232618	0.00128995	0.00171084	0.00235487	0.00129796	0.00168439	0.00235922	0.00133916	0.00166076	0.00235283	0.00141209	0.00166994	0.00238532	0.00151172	0.00841698	0.00555493	0.00384257	7.19525e-05	0.0128569	0.0154012	0.00858129	0.00577802	0.00381066	-3.39045e-07	0.0126315	0.0147421	0.0089469	0.00581882	0.00372815	-0.000146425	0.0127399	0.0140333	0.0085974	0.00560035	0.00357664	-0.000504965	0.0116038	0.0122229	0.00852887	0.0062258	0.00351126	-0.000585412	0.0106691	0.0113207	0.00867275	0.00605603	0.00345279	-0.000219614	0.0099918	0.00878784
52798023	G	3	0	0.0021723	0.00242822	0.00195461	0.00215375	0.00235733	0.00200488	0.00214515	0.00230608	0.00204198	0.00213839	0.00219678	0.00210852	0.00210422	0.00202295	0.00213341	0.00215688	0.00179893	0.00223605	0.0259157	-0.00413092	0.00745625	-0.00270802	0.0393437	-0.000758734	0.0262116	-0.00419162	0.00648381	-0.00270325	0.0385282	-0.00111538	0.0264286	-0.00429663	0.00571482	-0.00270237	0.0378246	-0.00117417	0.026621	-0.00418366	0.00518802	-0.00311835	0.0363482	-0.000593308	0.0264738	-0.00434016	0.00493644	-0.00348197	0.0336764	-0.00116829	0.0276381	-0.00302898	0.00474968	-0.00266714	0.0324489	-0.000316505
52798024	C	44	0	0.0662188	0.0235262	0.102534	0.0662971	0.0198145	0.100289	0.0669574	0.0167983	0.0991142	0.0681956	0.01282	0.0965245	0.070047	0.00836039	0.092212	0.0740693	0.00487164	0.0893738	0.0167063	-0.00132853	0.00575238	-0.00371216	0.0243711	0.00505012	0.0168436	-0.000893999	0.00556275	-0.00349401	0.0238097	0.00501705	0.0168959	-0.00106923	0.00552208	-0.00334224	0.0232707	0.00419486	0.0171248	-0.00148688	0.00530204	-0.00323697	0.0225932	0.0021603	0.0171452	-0.000156942	0.0050129	-0.00320489	0.0211902	0.00356019	0.0175738	0.000353963	0.00484919	-0.00276841	0.0201757	0.00278432
52798025	A	8	0	0.00964128	0.0109785	0.00850382	0.00959728	0.0107438	0.00875889	0.00950914	0.0105716	0.00882798	0.00940816	0.0100589	0.00907527	0.00937663	0.00935572	0.00938415	0.00959324	0.00837489	0.00986271	0.0210786	0.000326176	0.00686148	-0.00221417	0.0317746	0.00968441	0.0211079	0.00104391	0.00678974	-0.00230582	0.0308922	0.0107486	0.0212312	0.00109354	0.00658569	-0.00243173	0.0303083	0.0106682	0.0216024	0.000555003	0.00633692	-0.00260358	0.0294624	0.00833309	0.0215512	0.00194269	0.0060732	-0.00293543	0.027413	0.00914264	0.0224168	0.00273054	0.00578478	-0.0024705	0.0263377	0.00760851
52798026	U	12	0	0.00959661	0.0122525	0.00733751	0.00952388	0.0122431	0.00753542	0.00946011	0.0122253	0.00768735	0.00914503	0.0119223	0.00772426	0.00884897	0.011516	0.00789065	0.00874783	0.0113648	0.00816904	0.0139851	-0.00106358	0.0136462	-0.00162936	0.0184116	0.00486357	0.0139335	-0.00123742	0.0134296	-0.00196487	0.0182557	0.00444956	0.0139292	-0.00149443	0.0133469	-0.00213963	0.0175821	0.00354046	0.0136604	-0.0019379	0.0120779	-0.00270809	0.0175749	0.00302433	0.014103	-0.00103602	0.0117377	-0.00301105	0.0164538	0.00393538	0.0141902	-0.00118371	0.0111741	-0.00276399	0.0160461	0.00199669
52798027	G	26	0	0.0137798	0.0127078	0.0146917	0.0134806	0.0118127	0.0147003	0.0134914	0.0112837	0.0149067	0.0133824	0.0100688	0.0150775	0.0135639	0.00866789	0.0153231	0.0139424	0.00716231	0.015442	0.0443424	0.0159636	0.0142252	-0.000326509	0.0682671	0.0533003	0.0438191	0.0152012	0.0120129	-0.00163947	0.065567	0.0498823	0.044277	0.0155694	0.0119004	-0.00237227	0.0646256	0.0490675	0.0453367	0.0164898	0.0104458	-0.00336788	0.0635147	0.0472716	0.0476762	0.0186109	0.00996752	-0.00368204	0.0621322	0.0438143	0.0495194	0.0198024	0.00946096	-0.00388294	0.0592392	0.036681
52798028	C	217	0	0.139878	0.0489551	0.217218	0.1404	0.041395	0.2128	0.141643	0.0353833	0.209765	0.144466	0.0266305	0.204749	0.149241	0.0178449	0.196454	0.153507	0.0105146	0.185133	0.0275056	0.00911998	0.0102293	-0.00187811	0.0404619	0.0312243	0.0275592	0.00972633	0.00896799	-0.00238854	0.03954	0.0316033	0.0278737	0.0101404	0.00798961	-0.00296983	0.0391321	0.0317052	0.028359	0.0110217	0.00738964	-0.00328037	0.0383738	0.0305324	0.0295137	0.0111281	0.0072411	-0.00362781	0.0373992	0.0258821	0.0308456	0.0127841	0.00695744	-0.00358393	0.0361388	0.0230948
52798029	A	24	1	0.0241646	0.0223009	0.0257498	0.0237776	0.0211585	0.025693	0.0235975	0.0203904	0.0256536	0.023253	0.0185794	0.0256439	0.0227993	0.0161178	0.0252	0.0233598	0.0138354	0.0254663	0.0302064	0.0109906	0.0103514	-0.00171337	0.0450655	0.0352059	0.0298403	0.00983366	0.00875178	-0.00265279	0.0434339	0.0315355	0.0307678	0.0105325	0.00775954	-0.00341378	0.0437548	0.0325341	0.0316402	0.0113806	0.00648633	-0.00364394	0.0432812	0.0312563	0.0332526	0.0132838	0.00520797	-0.00378839	0.0424506	0.0296975	0.0343328	0.0143055	0.00519214	-0.00372672	0.0404716	0.0252193
52798030	U	51	0	0.0381906	0.0476824	0.0301167	0.0376672	0.0476732	0.03035	0.0370027	0.0469861	0.0306024	0.0363441	0.0465623	0.0311167	0.0354436	0.0454086	0.031863	0.0348459	0.0450662	0.0325854	0.0288978	0.00446401	0.0385757	0.00118883	0.0397916	0.0145066	0.0281704	0.00493616	0.0381487	0.000538665	0.0382367	0.0163039	0.0278962	0.00472727	0.0386854	-0.00019256	0.0370858	0.0158579	0.0281684	0.00427304	0.037245	-0.000871812	0.036442	0.0143983	0.028251	0.00333941	0.037989	-0.0011573	0.0346927	0.0109454	0.0277974	0.00357194	0.0393668	-0.00124983	0.0320175	0.00908764
52798031	G	26	1	0.0488131	0.0588377	0.040286	0.0487894	0.0583863	0.0417713	0.0483608	0.0576162	0.0424272	0.0466451	0.0538865	0.0429406	0.046382	0.0517105	0.0444674	0.0461198	0.0486706	0.0455556	0.0355285	0.00847767	0.0243681	-0.0021916	0.0541583	0.0297973	0.0353222	0.00867246	0.0241002	-0.00300642	0.0523606	0.0297562	0.0357946	0.00896993	0.0241331	-0.00384445	0.0517193	0.0297142	0.0360553	0.008967	0.0232535	-0.00429356	0.0500177	0.0269158	0.0380897	0.00915019	0.0234366	-0.00464852	0.0492232	0.0231418	0.0389425	0.0102955	0.0235773	-0.00454002	0.0462999	0.0200426
52798032	U	150	0	0.0984706	0.0469658	0.142281	0.0964749	0.0411677	0.13692	0.096244	0.036714	0.134408	0.0965664	0.0305251	0.130352	0.0981771	0.023222	0.12511	0.0997184	0.0157269	0.118295	0.0371636	-0.00454999	0.0358089	-0.000903508	0.0374718	-0.0108001	0.0370933	-0.00395959	0.035259	-0.000799914	0.0374829	-0.00871405	0.0362241	-0.00393615	0.0341565	-0.00092101	0.0366279	-0.00832413	0.036558	-0.00451528	0.0334684	-0.000759243	0.0371363	-0.00904081	0.0363277	-0.00452239	0.0325776	-0.000390207	0.0368397	-0.00807738	0.0360735	-0.00518368	0.0315218	-0.00045725	0.0364036	-0.00781522
52798033	G	53	1	0.0448396	0.0415574	0.0476314	0.0449709	0.0402515	0.048422	0.0440484	0.0381879	0.0478055	0.0432214	0.0350091	0.0474226	0.0433942	0.0316824	0.0476025	0.0436325	0.0267281	0.0473713	0.026483	0.00552781	0.0242605	-0.00064966	0.0271506	0.0156995	0.0266664	0.0060406	0.0240855	-0.000470046	0.0275814	0.0158728	0.0257467	0.00630974	0.0232036	-0.000779051	0.0265459	0.0157986	0.0267162	0.00635731	0.0233511	-0.000613824	0.026787	0.0140046	0.0260871	0.0065498	0.0226115	-0.000368446	0.0260549	0.0119231	0.0254664	0.00792235	0.0224282	-0.00061744	0.0251827	0.0118177
52798034	U	61	0	0.0358559	0.0343527	0.0371346	0.0359317	0.0335623	0.0376644	0.0356046	0.0325226	0.0375805	0.035218	0.0309058	0.0374239	0.0354164	0.0292181	0.0376436	0.0352121	0.026942	0.0370412	0.043635	-0.00739712	0.042648	-0.00286025	0.0442113	-0.0160488	0.0433775	-0.00635841	0.0427831	-0.00278091	0.0437123	-0.0127793	0.043665	-0.00679669	0.0430809	-0.002702	0.043949	-0.0136965	0.0436555	-0.0062674	0.0426025	-0.00233659	0.0440157	-0.0119014	0.0436915	-0.00683538	0.0420826	-0.00202926	0.0440489	-0.0118045	0.0435892	-0.00776789	0.0429731	-0.00174578	0.0437044	-0.0116676
52798035	U	43	0	0.0322927	0.0318081	0.0327049	0.0327797	0.0317339	0.0335445	0.0325312	0.0310322	0.0334922	0.0320905	0.029535	0.0333978	0.0320094	0.0278503	0.0335039	0.0320044	0.0257546	0.0333867	0.073525	-0.00611297	0.0735382	-0.00209379	0.0737713	-0.0126002	0.0737408	-0.0054179	0.0735287	-0.00193398	0.0740593	-0.010547	0.0744978	-0.00529353	0.0738854	-0.00204478	0.0749424	-0.00993518	0.0763595	-0.00505489	0.0736677	-0.00183656	0.0772623	-0.00929906	0.0759544	-0.00465802	0.0730302	-0.00159167	0.0766356	-0.0078042	0.0744367	-0.00583171	0.0726375	-0.00143942	0.074753	-0.008698
52798036	G	66	1	0.0465678	0.0493415	0.0442085	0.0464753	0.0484952	0.0449981	0.0464206	0.04799	0.0454145	0.0461627	0.0459132	0.0462904	0.0452193	0.0432007	0.0459447	0.0452635	0.0396093	0.0465141	0.0577551	0.00393819	0.057244	0.00100421	0.0574425	0.0103214	0.0578792	0.00402805	0.0573658	0.00101795	0.0575191	0.0101053	0.0584779	0.00384926	0.0576693	0.0011526	0.0581871	0.008836	0.061176	0.00433414	0.0588885	0.00143538	0.0612023	0.00883625	0.0615029	0.00500268	0.0594306	0.00183329	0.061377	0.00868791	0.0594835	0.0056292	0.0591175	0.00178266	0.059105	0.00829859
52798037	G	57	0	0.0524745	0.071777	0.0360556	0.0526089	0.0741701	0.0368419	0.0527368	0.0761234	0.0377439	0.0516311	0.0772715	0.0385141	0.0504255	0.0789046	0.0401925	0.0479287	0.0788254	0.0410952	0.0568437	0.00438345	0.0586259	0.0022821	0.0547129	0.00808789	0.0572674	0.00459236	0.0593267	0.00210155	0.0551566	0.00907767	0.0569085	0.00425287	0.0596312	0.00210491	0.054676	0.00788041	0.0592759	0.00445649	0.0617021	0.00228209	0.0573849	0.00804337	0.0594361	0.00519629	0.0624155	0.00223975	0.0578644	0.00875065	0.0580487	0.00554944	0.063176	0.00243302	0.0566486	0.00810436
52798038	G	11	0	0.0272644	0.0316346	0.023547	0.0274339	0.0317668	0.0242654	0.0273392	0.0317176	0.0245322	0.026851	0.0306868	0.0248887	0.0264113	0.0293269	0.0253637	0.026098	0.0269624	0.0259068	0.0539005	0.00443951	0.0556066	0.00225529	0.0541015	0.00868834	0.0541572	0.00429072	0.0569331	0.00209964	0.0542708	0.00851328	0.0547912	0.0044181	0.0572261	0.00216468	0.0549751	0.00863335	0.0592378	0.00455308	0.0580818	0.00251432	0.0596306	0.00825075	0.0592309	0.00469911	0.0574433	0.00261617	0.059515	0.00766263	0.0584111	0.00546095	0.0557837	0.00263654	0.0584209	0.00789275
52798039	G	30	0	0.0345042	0.0451078	0.0254846	0.0339233	0.0453608	0.0255594	0.0339702	0.0462228	0.0261152	0.0336081	0.0464879	0.0270192	0.0329428	0.0461828	0.0281855	0.0322331	0.0449107	0.0294292	0.0526836	0.00246874	0.0577345	0.00267782	0.0496574	0.0035594	0.0539036	0.00278407	0.0588575	0.00265353	0.0512713	0.00461534	0.0541044	0.00263956	0.0592361	0.00286548	0.0516802	0.00408098	0.0561072	0.00279302	0.0603329	0.00289401	0.0543054	0.00438132	0.0561726	0.00284924	0.0598141	0.00368671	0.054982	0.00378399	0.0553127	0.00255757	0.0584624	0.00385839	0.0546214	0.00309007
52798040	U	10	0	0.00991853	0.0123705	0.00783286	0.00982998	0.0123444	0.00799125	0.00970413	0.0123096	0.0080338	0.00981761	0.0125592	0.00841506	0.00974234	0.0123081	0.00882043	0.00963542	0.0115073	0.00922141	0.0431506	-0.0021263	0.0472593	-0.00112138	0.0411338	-0.00344758	0.0429097	-0.00214128	0.0470648	-0.00085993	0.0411955	-0.00375147	0.0428368	-0.00213495	0.0471408	-0.00110642	0.0412949	-0.00342849	0.0433399	-0.00200543	0.0465988	-0.00105702	0.0423526	-0.0030999	0.0435425	-0.00173287	0.0462122	-0.00077238	0.0429493	-0.00249525	0.0430085	-0.00237371	0.0452378	-0.000845589	0.0427178	-0.00320367
52798041	G	8	0	0.0286168	0.0374819	0.021076	0.0280986	0.0371024	0.0215144	0.028181	0.037643	0.0221149	0.0277489	0.0375526	0.0227336	0.0271084	0.0364819	0.0237404	0.0263496	0.0343728	0.0245751	0.0441262	0.000751929	0.0451491	0.0005685	0.0433392	0.00151251	0.0441498	0.00106238	0.0450256	0.000488625	0.0434845	0.00249087	0.0443904	0.000876291	0.0451648	0.000576701	0.0438064	0.00181023	0.0462962	0.00111641	0.0457866	0.000353267	0.0460764	0.00242735	0.0464461	0.00111739	0.0452452	0.000868335	0.046358	0.00188152	0.0457984	0.00113291	0.043863	0.00102757	0.0457405	0.00160967
52798042	G	6	0	0.0321198	0.0420457	0.0236766	0.0322825	0.042883	0.0245307	0.0320832	0.0431808	0.0249686	0.0321077	0.0431966	0.0264349	0.0316347	0.0421336	0.0278623	0.031958	0.0414505	0.0298586	0.0489009	0.0013059	0.0526311	0.000461599	0.0464257	0.00300767	0.0491868	0.00155498	0.0529247	0.000278293	0.0469553	0.00379487	0.0497127	0.00145947	0.0533697	0.000242644	0.0477216	0.00329314	0.0514472	0.00191257	0.0540487	0.000583411	0.0500773	0.00383151	0.0516049	0.00204751	0.0534779	0.000458627	0.0507251	0.00353574	0.051079	0.00216942	0.0524285	0.000535333	0.0505079	0.00314591
52798043	G	6	0	0.0198965	0.0288916	0.0122452	0.0197425	0.0294661	0.012632	0.0198548	0.0303219	0.0131443	0.0196282	0.0306428	0.0139934	0.0190332	0.0302473	0.0150038	0.0184883	0.0294303	0.0160682	0.0636793	0.000298756	0.0634101	-0.000572507	0.0632031	0.00172292	0.064255	0.00061938	0.0633257	-0.000691104	0.0639361	0.00247014	0.0652816	0.00040397	0.0637685	-0.00094066	0.0651144	0.00181766	0.0679823	0.000625045	0.0639673	-0.00109278	0.0683789	0.00206791	0.068518	0.00074405	0.0621406	-0.00124601	0.069127	0.00171394	0.0686759	0.000533025	0.0600763	-0.0013665	0.0690241	0.00100121
52798044	G	6	0	0.00588056	0.00787773	0.00418174	0.00579639	0.00786381	0.00428454	0.00580608	0.00788821	0.00447124	0.00577723	0.00799067	0.00464488	0.00554018	0.00740894	0.0048687	0.00566684	0.00672197	0.00543347	0.041669	-0.000338474	0.041692	-0.00112085	0.0414319	0.000925832	0.0419652	-0.0001352	0.0417197	-0.0013363	0.0417807	0.00143628	0.0431147	-0.000174718	0.0424445	-0.00163896	0.0430315	0.00123226	0.0453317	-1.49349e-05	0.0429917	-0.00146853	0.0455964	0.00104476	0.045573	9.84271e-05	0.0421008	-0.0014512	0.045892	0.000814337	0.045438	0.00015009	0.0414315	-0.00160272	0.0455347	0.000532488
52798045	C	0	0	0.00463662	0.0058276	0.00362356	0.00460042	0.00585106	0.00368586	0.00459427	0.0058414	0.00379474	0.00461023	0.00589406	0.00395345	0.00454072	0.00562321	0.00415177	0.00455414	0.00508055	0.00443772	0.0241813	0.000228195	0.0199233	-0.000832955	0.0257033	0.00179306	0.0243234	0.000374651	0.0194734	-0.000724378	0.0257431	0.00184112	0.0245656	0.000257935	0.0193077	-0.000981885	0.0258888	0.00161069	0.025329	0.000387744	0.0190874	-0.00100213	0.0265637	0.00165173	0.0254176	0.000426707	0.0187379	-0.00102281	0.0263627	0.00134718	0.0250386	0.000557847	0.018725	-0.00095294	0.0254421	0.00117299
52798046	U	0	0	0.00705728	0.00973837	0.0047767	0.00703791	0.0099412	0.00491481	0.00701941	0.010099	0.00504508	0.00691712	0.0102363	0.00521909	0.00662543	0.0100351	0.00540027	0.0065589	0.00965283	0.00587461	0.118859	-0.000805747	0.11661	-0.00142262	0.118991	3.053e-05	0.120412	-0.000542378	0.117758	-0.0013809	0.120538	0.000484646	0.120239	-0.000702282	0.116011	-0.00184931	0.12065	0.000317924	0.128025	-0.000729721	0.118969	-0.00173335	0.129201	-9.66067e-05	0.124498	-0.000487167	0.11337	-0.00184446	0.125554	8.5659e-05	0.122651	-0.000515605	0.111228	-0.00166692	0.123007	-0.000280244
52798047	G	1	0	0.0117181	0.0169867	0.00723661	0.0117553	0.0174996	0.00755473	0.0117962	0.0180394	0.00779365	0.0118861	0.0188501	0.00832356	0.0114504	0.0187038	0.00884414	0.0110667	0.0182659	0.0094745	0.127973	-0.0013001	0.121832	0.000172556	0.129274	-0.00335521	0.130584	-0.00117715	0.122861	0.000208354	0.131955	-0.00289905	0.13027	-0.00129823	0.121311	0.000348033	0.131649	-0.00315769	0.139593	-0.0013176	0.125531	0.00026018	0.141523	-0.00276223	0.136378	-0.00148774	0.120484	0.000430034	0.137863	-0.0027553	0.133487	-0.00162162	0.119451	0.000394314	0.133815	-0.00246918
