,domain_shift,zero_shot,eclip_native,fine_tuned_15task,reference_13task,capped_mean,natural_pool_size,files_removed_by_capping,ref_minus_capped,pct_penalty,ft_improvement,pct_gain
FUS,0.04453826,0.16072987,0.40965116,0.428598,0.41420668,0.398325754,6.0,4.0,0.015880926000000017,3.8340583980924734,0.26786813,166.65734253378042
HNRNPC,0.110194765,0.23171695,0.5786314,0.4747089,0.5160274,0.41305295099999995,13.0,11.0,0.10297444900000008,19.955228927766253,0.24299194999999998,104.86585034025349
HNRNPM,0.03391678,0.060010143,0.56458956,0.37973943,0.3664511,0.330162565,8.0,6.0,0.036288534999999955,9.902695066272132,0.319729287,532.7920764994677
HNRNPU,0.066561155,0.16611883,0.45356315,0.46573585,0.44468775,0.420893024,6.0,4.0,0.02379472599999999,5.350884075398971,0.29961702,180.36306901511406
KHSRP,0.077911064,0.17724279,0.59232557,0.4420972,0.43372768,0.42044344,6.0,4.0,0.013284240000000003,3.062806597909546,0.26485441,149.43028712197543
MATR3,0.031496733,0.12336308,0.51545733,0.28272137,0.3245606,0.321758934,2.0,0.0,0.0028016659999999804,0.8632181478589762,0.15935829,129.1782679226232
PTBP1,0.06804776,0.13051528,0.58280694,0.51919764,0.52467,0.472244225,11.0,9.0,0.05242577499999995,9.992142680160855,0.38868236,297.8060193411836
SF3B1,0.06004081,0.12815808,0.2675302,0.51355284,0.5024976,0.502614551,4.0,2.0,-0.00011695099999997627,-0.023273942004892415,0.38539476,300.71826918755335
SRSF1,0.08919702,0.2520289,0.4802234,0.47577444,0.46968246,0.46415422900000003,3.0,1.0,0.0055282309999999946,1.1770145727817884,0.22374554000000002,88.7777314427036
TARDBP,0.09576175,0.15008362,0.7158093,0.45034078,0.46588135,0.431466001,7.0,5.0,0.03441534900000004,7.387148895314233,0.30025716,200.0599132670174
U2AF2,0.10186377,0.14848515,0.6671771,0.6125208,0.6007456,0.590291959,8.0,6.0,0.010453641000000014,1.7401111219125056,0.46403564999999997,312.51317050897006
UPF1,0.09959174,0.23934834,0.5143138,0.4495969,0.42878726,0.409101469,12.0,10.0,0.019685791000000008,4.591039155407744,0.21024856000000003,87.84207987404467
ZRANB2,0.04136962,0.20277669,0.32348806,0.38788545,0.37845075,0.380583983,2.0,0.0,-0.002133233000000012,-0.5636751941963418,0.18510876,91.28700147931205
