RBP_CT,0.0,2.5,5.0,10.0,20.0,40.0
TRA2A_HepG2,-0.013179947003218017,0.012555260010641715,0.009729392437610562,0.046487983497328154,0.06554396341786708,0.1787988753593659
PCBP1_K562,0.0027467328317647005,-0.008958139740578935,0.02047240497601646,0.019257894100506087,0.16095926084277823,0.08037023240407189
FUS_K562,0.02303943193484502,0.02475237606102594,0.030867267431412312,0.03805592600557846,0.0453053534736597,0.06751877234161573
HNRNPK_K562,0.03623639952469866,0.0733419566824788,0.04581315808594982,0.07970978435948327,0.10968729613742897,-0.1760660033871259
SFPQ_HepG2,0.02321796064968118,0.032253383166256644,0.03074975598257068,0.019930513318026227,0.017052482804519986,0.025750356192978524
RBFOX2_HepG2,-0.0027171943468879967,-0.0011533375387418054,0.03160618148142144,0.0466423019193328,0.027080088412494596,0.04328598406788853
FUBP3_HepG2,0.004203283605039909,-0.005682484128569976,0.020964587010909697,0.010692505464903135,0.04538637276750174,0.06310715767206493
RBFOX2_K562,0.04055174619696805,0.02533312106891089,0.0156700247621383,0.03052247128672131,0.01961688625237276,-0.002254020583771832
TARDBP_K562,0.028584011303362244,0.02428507197942359,0.021505103175716078,0.01939147730969981,0.015991658507940876,0.01221082332954726
PCBP1_HepG2,-0.0049744988872430645,0.011433765421759334,0.004637699783659924,0.03203166994110157,0.061553904346480004,0.012869716973789372
HNRNPL_HepG2,0.017501127379806525,0.021722207848794306,0.007160968907110599,0.020868304844136765,0.01157513559936596,0.03220980241554189
HNRNPK_HepG2,0.016094390378266266,0.024300978999206385,0.02669241251034654,0.0210969322299705,0.018466221044767417,-0.0069542283856718345
IGF2BP1_K562,0.003254557607454342,0.005234552232898877,-0.0013451874625293736,0.013541706688127972,0.05029388858396458,0.02601116258196448
FUS_HepG2,0.0067975632075815695,-0.00047943671149050515,-0.006195399109719585,-0.009096774250548945,-0.015259325446028565,0.05384627173464002
RBM22_K562,0.006966035087804794,0.0082702485869664,0.007448425678193024,-5.576362400256524e-05,-0.003068369276884954,0.009495990865956719
HNRNPC_HepG2,0.005490672577456834,-0.0030156314100644385,0.005155207354796243,0.008453027533080422,-0.0021492375726910318,0.013199834226332162
EIF4G2_K562,-0.0021258966606742813,0.007572432703366633,-0.003531001390366384,0.025841415971107395,0.020520333184438133,-0.022132259881842975
TAF15_K562,-0.0017430965981566071,-0.013277178457298366,-0.018590146847042244,0.008196081094572344,0.00975782289357141,0.04119673684283717
KHSRP_HepG2,0.009117076130711,0.006042057641502507,0.010407138297730434,-0.012816815051947983,0.015179204278423786,-0.003161525313911673
EWSR1_K562,0.012467875565494724,0.00748552920512352,0.0008642277771956086,-0.02223157753946617,0.010306758171823277,0.013174606858300297
IGF2BP1_HepG2,-0.0036287328746410774,0.010496219723996572,0.013239503435009736,0.015330699023236125,-0.014402927892706766,-0.0055943063093693846
TIA1_K562,-0.003526682490534616,0.0045007898588140804,0.001371863992219724,0.007610024712596086,0.004085365415575193,-0.009085329445089552
TIA1_HepG2,-0.0014289861385040625,0.0043826328830228745,0.0004883368724084014,0.005610411339169785,0.0007176674857031773,-0.012289774712960111
RBM22_HepG2,-0.01196275745427635,-0.0010685009347048274,-0.0034747011855575383,-0.006533307111434419,-0.007824227727647959,0.006212540905717656
KHSRP_K562,-0.0015872785490307906,-0.011549187320988252,-0.009475461349120973,-0.00646214504466136,0.0038166088525830033,6.17520073789013e-05
TAF15_HepG2,-0.009978766451994275,0.0001116942084864736,0.0042091757688966225,-0.010947533240477092,-0.010838879207493907,-0.032460548633833436
IGF2BP2_K562,-0.0041541452870317574,-0.0038119146144808824,0.0056910777026046855,0.012182910327858287,-0.09722087106831145,-0.07546277844370901
TRA2A_K562,-0.006234135332064433,0.02063650014897074,0.007474117939545666,0.002534537414565441,-0.026292335217359353,-0.18561663982087098
SRSF9_HepG2,-0.0330382855935194,-0.020560912464085715,-0.045953347611148054,-0.06656824352662281,-0.06005433970712187,-0.0011753087970868686
PUM1_K562,-0.004362268892522947,0.04605386552873464,0.009608649562398153,-0.01973354182454712,-0.11652063949769681,-0.1593124716718708
HNRNPC_K562,-0.007937343796966798,-0.03475903738847251,-0.014501454792920448,-0.021580218205411006,-0.06228785820379419,-0.1208052854811313
HNRNPL_K562,0.01373926183555016,-1.4477517313732369e-05,-0.008246034664085855,-0.026149044455623577,-0.09689602367616822,-0.14834491802365699
PCBP2_HepG2,-0.15340987525600946,-0.129687144804309,-0.13124158755126253,-0.15362017384097681,-0.21016473893100554,-0.3156052407929248
