filter	rbp	n_tiles	auprc_parnet21m	auprc_single
has_positive	AARS_K562	23175	0.067939	0.060918
has_positive	AATF_K562	14092	0.075404	0.070246
has_positive	ABCF1_K562	5261	0.073547	0.060089
has_positive	AGGF1_HepG2	59599	0.083339	0.075775
has_positive	AGGF1_K562	50958	0.079345	0.075432
has_positive	AKAP1_HepG2	24448	0.070759	0.061754
has_positive	AKAP1_K562	17219	0.067869	0.060452
has_positive	AKAP8L_K562	49578	0.083637	0.077731
has_positive	APOBEC3C_K562	20168	0.084947	0.073317
has_positive	AQR_HepG2	28171	0.10839	0.087645
has_positive	AQR_K562	37836	0.10032	0.091148
has_positive	BCCIP_HepG2	34517	0.12482	0.12235
has_positive	BCLAF1_HepG2	40055	0.1007	0.10616
has_positive	BUD13_HepG2	42150	0.093367	0.090763
has_positive	BUD13_K562	53452	0.096927	0.094245
has_positive	CDC40_HepG2	65325	0.072271	0.067933
has_positive	CPEB4_K562	15179	0.068887	0.061011
has_positive	CPSF6_K562	30665	0.082722	0.081649
has_positive	CSTF2T_HepG2	56939	0.094785	0.086975
has_positive	CSTF2T_K562	49524	0.085153	0.080283
has_positive	CSTF2_HepG2	83358	0.10657	0.099761
has_positive	DDX21_K562	16926	0.077298	0.070112
has_positive	DDX24_K562	23165	0.10353	0.097418
has_positive	DDX3X_HepG2	23442	0.091418	0.081526
has_positive	DDX3X_K562	23009	0.089262	0.080948
has_positive	DDX42_K562	25000	0.11703	0.11187
has_positive	DDX51_K562	18283	0.067437	0.062362
has_positive	DDX52_HepG2	53721	0.071193	0.067207
has_positive	DDX52_K562	26230	0.078705	0.075376
has_positive	DDX55_HepG2	30722	0.076112	0.069649
has_positive	DDX55_K562	27502	0.085138	0.080134
has_positive	DDX59_HepG2	40611	0.072627	0.067437
has_positive	DDX6_HepG2	22594	0.079922	0.069412
has_positive	DDX6_K562	38494	0.077633	0.068832
has_positive	DGCR8_HepG2	58040	0.075105	0.070751
has_positive	DGCR8_K562	21323	0.069109	0.064312
has_positive	DHX30_HepG2	34250	0.070106	0.065517
has_positive	DHX30_K562	26121	0.07027	0.065463
has_positive	DKC1_HepG2	14175	0.076614	0.065229
has_positive	DROSHA_HepG2	89496	0.075019	0.071443
has_positive	DROSHA_K562	48883	0.084748	0.081526
has_positive	EFTUD2_HepG2	41742	0.081839	0.077387
has_positive	EFTUD2_K562	34683	0.079562	0.075481
has_positive	EIF3D_HepG2	86649	0.085529	0.082027
has_positive	EIF3G_K562	15710	0.078807	0.068799
has_positive	EIF3H_HepG2	36317	0.08571	0.083917
has_positive	EIF4G2_K562	19494	0.098567	0.09313
has_positive	EWSR1_K562	25079	0.070865	0.068815
has_positive	EXOSC5_HepG2	8875	0.070354	0.061641
has_positive	EXOSC5_K562	31211	0.097851	0.094811
has_positive	FAM120A_HepG2	42752	0.12356	0.11867
has_positive	FAM120A_K562	28196	0.083455	0.074788
has_positive	FASTKD2_HepG2	49966	0.081933	0.077741
has_positive	FASTKD2_K562	27872	0.079738	0.073177
has_positive	FKBP4_HepG2	19712	0.088802	0.084633
has_positive	FMR1_K562	25360	0.1046	0.095204
has_positive	FTO_HepG2	12910	0.081367	0.071471
has_positive	FTO_K562	41200	0.079159	0.073023
has_positive	FUBP3_HepG2	23677	0.078	0.072211
has_positive	FUS_HepG2	67680	0.073415	0.071933
has_positive	FUS_K562	56915	0.067559	0.065758
has_positive	FXR1_K562	47003	0.096149	0.094306
has_positive	FXR2_HepG2	21944	0.092206	0.08845
has_positive	FXR2_K562	21759	0.13588	0.13109
has_positive	G3BP1_HepG2	25925	0.1031	0.10575
has_positive	GEMIN5_K562	28924	0.083197	0.074263
has_positive	GNL3_K562	13690	0.072128	0.061659
has_positive	GPKOW_K562	36175	0.098163	0.092562
has_positive	GRSF1_HepG2	21434	0.074105	0.066539
has_positive	GRWD1_HepG2	52254	0.10677	0.10659
has_positive	GRWD1_K562	33564	0.10187	0.10101
has_positive	GTF2F1_HepG2	39578	0.081171	0.078178
has_positive	GTF2F1_K562	33387	0.086792	0.082526
has_positive	HLTF_HepG2	69858	0.076948	0.074042
has_positive	HLTF_K562	43917	0.10018	0.098231
has_positive	HNRNPA1_HepG2	98465	0.10371	0.1051
has_positive	HNRNPA1_K562	65714	0.090134	0.09315
has_positive	HNRNPC_HepG2	96082	0.14081	0.13962
has_positive	HNRNPC_K562	38680	0.12779	0.128
has_positive	HNRNPK_HepG2	38942	0.13145	0.13557
has_positive	HNRNPK_K562	23993	0.097543	0.10403
has_positive	HNRNPL_HepG2	73016	0.090617	0.091214
has_positive	HNRNPL_K562	74493	0.091031	0.090635
has_positive	HNRNPM_HepG2	45055	0.12904	0.12914
has_positive	HNRNPM_K562	34657	0.13618	0.13188
has_positive	HNRNPUL1_HepG2	70781	0.084317	0.081681
has_positive	HNRNPUL1_K562	42367	0.099935	0.098561
has_positive	HNRNPU_HepG2	70537	0.073215	0.070208
has_positive	HNRNPU_K562	103146	0.074179	0.074068
has_positive	IGF2BP1_HepG2	30989	0.11686	0.11102
has_positive	IGF2BP1_K562	25229	0.1023	0.098564
has_positive	IGF2BP2_K562	27689	0.1267	0.11865
has_positive	IGF2BP3_HepG2	36643	0.10915	0.10626
has_positive	ILF3_HepG2	50841	0.090885	0.092618
has_positive	ILF3_K562	61119	0.08025	0.077046
has_positive	KHDRBS1_K562	77200	0.084697	0.084947
has_positive	KHSRP_HepG2	77064	0.074555	0.073736
has_positive	KHSRP_K562	79739	0.093246	0.092255
has_positive	LARP4_HepG2	54875	0.081848	0.075289
has_positive	LARP4_K562	36808	0.085188	0.077828
has_positive	LARP7_HepG2	5532	0.069594	0.05603
has_positive	LARP7_K562	4254	0.083846	0.073785
has_positive	LIN28B_HepG2	25021	0.096658	0.092001
has_positive	LIN28B_K562	33141	0.097454	0.091895
has_positive	LSM11_HepG2	54699	0.079486	0.075728
has_positive	LSM11_K562	39807	0.073555	0.068541
has_positive	MATR3_HepG2	47633	0.093315	0.092014
has_positive	MATR3_K562	25735	0.092231	0.090015
has_positive	METAP2_K562	32767	0.08371	0.078111
has_positive	MTPAP_K562	57836	0.085057	0.080933
has_positive	NCBP2_HepG2	48909	0.081102	0.074959
has_positive	NCBP2_K562	25072	0.085398	0.075265
has_positive	NIP7_HepG2	3889	0.0789	0.062793
has_positive	NIPBL_K562	30301	0.071061	0.06376
has_positive	NKRF_HepG2	68779	0.087153	0.083587
has_positive	NOL12_HepG2	19600	0.089433	0.075838
has_positive	NOLC1_HepG2	11169	0.083551	0.065169
has_positive	NOLC1_K562	44817	0.082596	0.072352
has_positive	NONO_K562	50581	0.079176	0.076988
has_positive	NPM1_K562	9243	0.075995	0.062815
has_positive	NSUN2_K562	8427	0.090736	0.079093
has_positive	PABPC4_K562	16589	0.099172	0.086189
has_positive	PABPN1_HepG2	30977	0.08869	0.085678
has_positive	PCBP1_HepG2	9040	0.083354	0.074544
has_positive	PCBP1_K562	10037	0.084661	0.072736
has_positive	PCBP2_HepG2	36758	0.11678	0.11929
has_positive	PHF6_K562	11820	0.067782	0.05917
has_positive	POLR2G_HepG2	50913	0.089743	0.084761
has_positive	PPIG_HepG2	38140	0.12111	0.12203
has_positive	PPIL4_K562	60175	0.083821	0.076675
has_positive	PRPF4_HepG2	38130	0.09822	0.098432
has_positive	PRPF8_HepG2	36749	0.13979	0.13759
has_positive	PRPF8_K562	40829	0.094421	0.090829
has_positive	PTBP1_HepG2	54341	0.09426	0.088104
has_positive	PTBP1_K562	29505	0.099255	0.094245
has_positive	PUM1_K562	20478	0.091982	0.090143
has_positive	PUM2_K562	27721	0.075475	0.074179
has_positive	PUS1_K562	16598	0.068748	0.062297
has_positive	QKI_HepG2	60373	0.087733	0.087181
has_positive	QKI_K562	25506	0.08585	0.082218
has_positive	RBFOX2_HepG2	40486	0.11873	0.12023
has_positive	RBFOX2_K562	70473	0.081724	0.07964
has_positive	RBM15_HepG2	45438	0.081769	0.08094
has_positive	RBM15_K562	39099	0.097399	0.095214
has_positive	RBM22_HepG2	49235	0.085234	0.080642
has_positive	RBM22_K562	14792	0.15019	0.13501
has_positive	RBM5_HepG2	64453	0.082616	0.079762
has_positive	RPS11_K562	4382	0.073326	0.057652
has_positive	RPS3_HepG2	15944	0.10524	0.094305
has_positive	RPS3_K562	15455	0.094786	0.077283
has_positive	SAFB2_K562	77931	0.074649	0.07168
has_positive	SAFB_HepG2	71608	0.080538	0.078154
has_positive	SAFB_K562	64058	0.077823	0.075198
has_positive	SBDS_K562	2618	0.083848	0.06932
has_positive	SDAD1_HepG2	14149	0.088932	0.078371
has_positive	SDAD1_K562	4625	0.068345	0.05826
has_positive	SERBP1_K562	828	0.062317	0.061192
has_positive	SF3A3_HepG2	20253	0.11193	0.10392
has_positive	SF3B1_K562	18143	0.07905	0.071655
has_positive	SF3B4_HepG2	18916	0.13767	0.13688
has_positive	SF3B4_K562	28267	0.11344	0.1069
has_positive	SFPQ_HepG2	55028	0.060647	0.060809
has_positive	SLBP_K562	3397	0.066796	0.057171
has_positive	SLTM_HepG2	35086	0.090083	0.086512
has_positive	SLTM_K562	31153	0.10174	0.099254
has_positive	SMNDC1_HepG2	18303	0.069909	0.060881
has_positive	SMNDC1_K562	33532	0.084841	0.074429
has_positive	SND1_HepG2	21613	0.11986	0.11323
has_positive	SND1_K562	58621	0.087101	0.084328
has_positive	SRSF1_HepG2	49330	0.12833	0.1271
has_positive	SRSF1_K562	46161	0.088509	0.08638
has_positive	SRSF7_HepG2	24645	0.09979	0.097927
has_positive	SRSF7_K562	26333	0.09613	0.09682
has_positive	SRSF9_HepG2	34923	0.10687	0.10481
has_positive	SSB_HepG2	34193	0.069668	0.06531
has_positive	SSB_K562	3395	0.062628	0.056203
has_positive	STAU2_HepG2	66291	0.084291	0.08202
has_positive	SUB1_HepG2	21335	0.092119	0.084834
has_positive	SUGP2_HepG2	77545	0.091878	0.090102
has_positive	SUPV3L1_HepG2	28298	0.064286	0.059158
has_positive	SUPV3L1_K562	3917	0.062406	0.056398
has_positive	TAF15_HepG2	89326	0.080354	0.080241
has_positive	TAF15_K562	55203	0.073513	0.069485
has_positive	TARDBP_K562	14698	0.068795	0.069341
has_positive	TBRG4_HepG2	26069	0.070684	0.063992
has_positive	TBRG4_K562	38546	0.075314	0.06907
has_positive	TIA1_HepG2	62706	0.11616	0.11373
has_positive	TIA1_K562	78142	0.11028	0.10358
has_positive	TIAL1_HepG2	35355	0.10742	0.10373
has_positive	TRA2A_HepG2	16765	0.095029	0.088655
has_positive	TRA2A_K562	23853	0.10496	0.086892
has_positive	TROVE2_HepG2	55561	0.083643	0.079859
has_positive	TROVE2_K562	48026	0.083014	0.077513
has_positive	U2AF1_HepG2	67667	0.12307	0.11911
has_positive	U2AF1_K562	29956	0.16042	0.14807
has_positive	U2AF2_HepG2	61939	0.13997	0.13566
has_positive	U2AF2_K562	54667	0.15979	0.15624
has_positive	UCHL5_HepG2	63267	0.094536	0.093537
has_positive	UCHL5_K562	60337	0.0906	0.087407
has_positive	UPF1_HepG2	12036	0.090667	0.081412
has_positive	UPF1_K562	27648	0.086371	0.075684
has_positive	UTP18_HepG2	14282	0.070745	0.060271
has_positive	UTP18_K562	9895	0.067574	0.058754
has_positive	UTP3_K562	16621	0.08298	0.0701
has_positive	WDR3_K562	8885	0.059973	0.056329
has_positive	WDR43_HepG2	18233	0.077632	0.069004
has_positive	WDR43_K562	15516	0.070843	0.062199
has_positive	WRN_K562	17687	0.081322	0.076572
has_positive	XPO5_HepG2	40193	0.065286	0.065902
has_positive	XRCC6_HepG2	33512	0.071357	0.068269
has_positive	XRCC6_K562	46626	0.088554	0.083431
has_positive	XRN2_HepG2	60530	0.11679	0.11305
has_positive	XRN2_K562	30529	0.10614	0.10325
has_positive	YBX3_HepG2	30355	0.089704	0.079228
has_positive	YBX3_K562	37419	0.12347	0.12558
has_positive	YWHAG_K562	19475	0.077007	0.068197
has_positive	ZC3H11A_HepG2	79945	0.074045	0.068787
has_positive	ZC3H11A_K562	36489	0.069183	0.06426
has_positive	ZC3H8_K562	13811	0.061721	0.057738
has_positive	ZNF622_K562	42964	0.10251	0.10171
has_positive	ZNF800_HepG2	26463	0.094824	0.092133
has_positive	ZNF800_K562	16489	0.095654	0.089938
has_positive	ZRANB2_K562	22187	0.083225	0.080463
selected_peak_region	AARS_K562	13387	0.062856	0.057831
selected_peak_region	AATF_K562	13708	0.075499	0.070319
selected_peak_region	ABCF1_K562	5185	0.074054	0.060601
selected_peak_region	AGGF1_HepG2	12606	0.095735	0.085857
selected_peak_region	AGGF1_K562	11706	0.085559	0.083328
selected_peak_region	AKAP1_HepG2	12867	0.077856	0.068764
selected_peak_region	AKAP1_K562	13707	0.068035	0.061037
selected_peak_region	AKAP8L_K562	13423	0.076929	0.073395
selected_peak_region	APOBEC3C_K562	13114	0.088512	0.077382
selected_peak_region	AQR_HepG2	12993	0.12501	0.098658
selected_peak_region	AQR_K562	13058	0.13724	0.12296
selected_peak_region	BCCIP_HepG2	13196	0.13669	0.13552
selected_peak_region	BCLAF1_HepG2	10991	0.14029	0.1486
selected_peak_region	BUD13_HepG2	12931	0.1078	0.10487
selected_peak_region	BUD13_K562	12838	0.12353	0.12121
selected_peak_region	CDC40_HepG2	14023	0.08011	0.075119
selected_peak_region	CPEB4_K562	13426	0.068581	0.061146
selected_peak_region	CPSF6_K562	13856	0.083314	0.083272
selected_peak_region	CSTF2T_HepG2	9709	0.1083	0.10197
selected_peak_region	CSTF2T_K562	11320	0.095831	0.090889
selected_peak_region	CSTF2_HepG2	10258	0.12989	0.11506
selected_peak_region	DDX21_K562	14299	0.076274	0.069692
selected_peak_region	DDX24_K562	12298	0.10689	0.10164
selected_peak_region	DDX3X_HepG2	11452	0.097298	0.086993
selected_peak_region	DDX3X_K562	11904	0.096196	0.087782
selected_peak_region	DDX42_K562	14216	0.11109	0.10685
selected_peak_region	DDX51_K562	13486	0.065505	0.061206
selected_peak_region	DDX52_HepG2	13561	0.074357	0.071141
selected_peak_region	DDX52_K562	13420	0.071526	0.068485
selected_peak_region	DDX55_HepG2	13254	0.079079	0.072803
selected_peak_region	DDX55_K562	13270	0.081718	0.076966
selected_peak_region	DDX59_HepG2	12694	0.073202	0.069064
selected_peak_region	DDX6_HepG2	13474	0.079657	0.070117
selected_peak_region	DDX6_K562	13537	0.082844	0.073822
selected_peak_region	DGCR8_HepG2	13273	0.085889	0.082216
selected_peak_region	DGCR8_K562	13803	0.065707	0.062477
selected_peak_region	DHX30_HepG2	13676	0.061596	0.058129
selected_peak_region	DHX30_K562	13326	0.063391	0.059774
selected_peak_region	DKC1_HepG2	11566	0.075001	0.065008
selected_peak_region	DROSHA_HepG2	13733	0.087011	0.084009
selected_peak_region	DROSHA_K562	13395	0.072443	0.068948
selected_peak_region	EFTUD2_HepG2	12392	0.095334	0.089667
selected_peak_region	EFTUD2_K562	13061	0.085382	0.081122
selected_peak_region	EIF3D_HepG2	13387	0.095417	0.091624
selected_peak_region	EIF3G_K562	13662	0.079869	0.070039
selected_peak_region	EIF3H_HepG2	12531	0.090918	0.088622
selected_peak_region	EIF4G2_K562	13068	0.096401	0.090789
selected_peak_region	EWSR1_K562	11469	0.078832	0.07697
selected_peak_region	EXOSC5_HepG2	8767	0.070765	0.062028
selected_peak_region	EXOSC5_K562	7354	0.13009	0.12982
selected_peak_region	FAM120A_HepG2	11531	0.13303	0.12908
selected_peak_region	FAM120A_K562	11271	0.095036	0.088809
selected_peak_region	FASTKD2_HepG2	13372	0.08716	0.083744
selected_peak_region	FASTKD2_K562	13586	0.075418	0.07096
selected_peak_region	FKBP4_HepG2	13456	0.081516	0.078721
selected_peak_region	FMR1_K562	12344	0.12104	0.11068
selected_peak_region	FTO_HepG2	12714	0.081635	0.071698
selected_peak_region	FTO_K562	13164	0.072083	0.067811
selected_peak_region	FUBP3_HepG2	12662	0.081406	0.076844
selected_peak_region	FUS_HepG2	13403	0.094443	0.092397
selected_peak_region	FUS_K562	13109	0.089767	0.087414
selected_peak_region	FXR1_K562	11946	0.12734	0.12425
selected_peak_region	FXR2_HepG2	12467	0.09823	0.093682
selected_peak_region	FXR2_K562	11976	0.13856	0.13385
selected_peak_region	G3BP1_HepG2	12124	0.12049	0.12325
selected_peak_region	GEMIN5_K562	12979	0.073812	0.066297
selected_peak_region	GNL3_K562	13411	0.072294	0.061843
selected_peak_region	GPKOW_K562	12771	0.098316	0.09053
selected_peak_region	GRSF1_HepG2	13426	0.075429	0.067461
selected_peak_region	GRWD1_HepG2	12346	0.15237	0.15284
selected_peak_region	GRWD1_K562	12858	0.13089	0.13057
selected_peak_region	GTF2F1_HepG2	12624	0.096906	0.095619
selected_peak_region	GTF2F1_K562	12673	0.095125	0.091651
selected_peak_region	HLTF_HepG2	10953	0.096618	0.093483
selected_peak_region	HLTF_K562	12470	0.12417	0.12286
selected_peak_region	HNRNPA1_HepG2	12563	0.14429	0.14661
selected_peak_region	HNRNPA1_K562	13427	0.11601	0.12018
selected_peak_region	HNRNPC_HepG2	10513	0.21624	0.21502
selected_peak_region	HNRNPC_K562	11198	0.17798	0.17908
selected_peak_region	HNRNPK_HepG2	12208	0.15782	0.16288
selected_peak_region	HNRNPK_K562	12195	0.10735	0.11455
selected_peak_region	HNRNPL_HepG2	9433	0.12735	0.12916
selected_peak_region	HNRNPL_K562	10339	0.12371	0.12225
selected_peak_region	HNRNPM_HepG2	10409	0.15893	0.15915
selected_peak_region	HNRNPM_K562	10798	0.15648	0.15271
selected_peak_region	HNRNPUL1_HepG2	12842	0.08392	0.081569
selected_peak_region	HNRNPUL1_K562	14001	0.1012	0.10092
selected_peak_region	HNRNPU_HepG2	11957	0.080869	0.078196
selected_peak_region	HNRNPU_K562	12459	0.085408	0.086506
selected_peak_region	IGF2BP1_HepG2	12308	0.13579	0.13155
selected_peak_region	IGF2BP1_K562	11201	0.12312	0.11918
selected_peak_region	IGF2BP2_K562	12204	0.14244	0.13485
selected_peak_region	IGF2BP3_HepG2	12496	0.13336	0.12904
selected_peak_region	ILF3_HepG2	8973	0.13981	0.14391
selected_peak_region	ILF3_K562	9964	0.11415	0.1121
selected_peak_region	KHDRBS1_K562	11003	0.12471	0.12814
selected_peak_region	KHSRP_HepG2	11917	0.10296	0.10179
selected_peak_region	KHSRP_K562	10685	0.14199	0.13979
selected_peak_region	LARP4_HepG2	12829	0.094357	0.086151
selected_peak_region	LARP4_K562	12686	0.079534	0.073236
selected_peak_region	LARP7_HepG2	5410	0.069858	0.056224
selected_peak_region	LARP7_K562	4083	0.083548	0.073626
selected_peak_region	LIN28B_HepG2	12867	0.10908	0.1039
selected_peak_region	LIN28B_K562	13036	0.11959	0.11414
selected_peak_region	LSM11_HepG2	12385	0.098841	0.094273
selected_peak_region	LSM11_K562	13139	0.073802	0.070473
selected_peak_region	MATR3_HepG2	9569	0.12177	0.12089
selected_peak_region	MATR3_K562	9797	0.11391	0.11208
selected_peak_region	METAP2_K562	13413	0.086878	0.080616
selected_peak_region	MTPAP_K562	13575	0.088788	0.085651
selected_peak_region	NCBP2_HepG2	12590	0.089954	0.084526
selected_peak_region	NCBP2_K562	13799	0.085091	0.07588
selected_peak_region	NIP7_HepG2	3825	0.07915	0.063023
selected_peak_region	NIPBL_K562	13501	0.067067	0.061063
selected_peak_region	NKRF_HepG2	12861	0.098189	0.09495
selected_peak_region	NOL12_HepG2	13107	0.088734	0.076293
selected_peak_region	NOLC1_HepG2	10703	0.083646	0.065581
selected_peak_region	NOLC1_K562	13546	0.095584	0.085173
selected_peak_region	NONO_K562	10829	0.099797	0.098451
selected_peak_region	NPM1_K562	8892	0.075456	0.062551
selected_peak_region	NSUN2_K562	4209	0.07781	0.069368
selected_peak_region	PABPC4_K562	10992	0.10578	0.092941
selected_peak_region	PABPN1_HepG2	12496	0.10267	0.10004
selected_peak_region	PCBP1_HepG2	8909	0.083456	0.074779
selected_peak_region	PCBP1_K562	9901	0.085053	0.073134
selected_peak_region	PCBP2_HepG2	11841	0.13337	0.13517
selected_peak_region	PHF6_K562	11672	0.068217	0.0596
selected_peak_region	POLR2G_HepG2	12823	0.10739	0.10284
selected_peak_region	PPIG_HepG2	12054	0.15425	0.15617
selected_peak_region	PPIL4_K562	11972	0.099654	0.092047
selected_peak_region	PRPF4_HepG2	12226	0.11549	0.11393
selected_peak_region	PRPF8_HepG2	13338	0.1736	0.17313
selected_peak_region	PRPF8_K562	12723	0.12056	0.11605
selected_peak_region	PTBP1_HepG2	11382	0.12633	0.12282
selected_peak_region	PTBP1_K562	11085	0.12314	0.12213
selected_peak_region	PUM1_K562	13299	0.093576	0.092144
selected_peak_region	PUM2_K562	12468	0.077008	0.077396
selected_peak_region	PUS1_K562	14181	0.067833	0.061665
selected_peak_region	QKI_HepG2	10248	0.13756	0.1344
selected_peak_region	QKI_K562	11784	0.096951	0.093561
selected_peak_region	RBFOX2_HepG2	12611	0.13627	0.13987
selected_peak_region	RBFOX2_K562	12630	0.10052	0.098967
selected_peak_region	RBM15_HepG2	12783	0.093226	0.091863
selected_peak_region	RBM15_K562	11505	0.12269	0.12086
selected_peak_region	RBM22_HepG2	13827	0.10141	0.093934
selected_peak_region	RBM22_K562	13821	0.15598	0.14002
selected_peak_region	RBM5_HepG2	14176	0.089873	0.086062
selected_peak_region	RPS11_K562	4263	0.073315	0.057678
selected_peak_region	RPS3_HepG2	11979	0.10913	0.098793
selected_peak_region	RPS3_K562	12488	0.095264	0.077518
selected_peak_region	SAFB2_K562	9992	0.089356	0.087494
selected_peak_region	SAFB_HepG2	12433	0.09509	0.092881
selected_peak_region	SAFB_K562	12201	0.090483	0.088117
selected_peak_region	SBDS_K562	2521	0.083909	0.069031
selected_peak_region	SDAD1_HepG2	12846	0.089868	0.079196
selected_peak_region	SDAD1_K562	4562	0.06865	0.058683
selected_peak_region	SERBP1_K562	808	0.062214	0.061753
selected_peak_region	SF3A3_HepG2	13870	0.12763	0.11853
selected_peak_region	SF3B1_K562	12927	0.072834	0.06617
selected_peak_region	SF3B4_HepG2	13223	0.15394	0.15343
selected_peak_region	SF3B4_K562	13234	0.13669	0.12847
selected_peak_region	SFPQ_HepG2	12010	0.078206	0.078713
selected_peak_region	SLBP_K562	3220	0.065655	0.057602
selected_peak_region	SLTM_HepG2	12361	0.090334	0.087569
selected_peak_region	SLTM_K562	12353	0.096155	0.095015
selected_peak_region	SMNDC1_HepG2	13547	0.069455	0.060443
selected_peak_region	SMNDC1_K562	12872	0.08778	0.076129
selected_peak_region	SND1_HepG2	12056	0.13141	0.12507
selected_peak_region	SND1_K562	13227	0.10108	0.096198
selected_peak_region	SRSF1_HepG2	13187	0.15402	0.15257
selected_peak_region	SRSF1_K562	13866	0.11205	0.11028
selected_peak_region	SRSF7_HepG2	13545	0.10778	0.1073
selected_peak_region	SRSF7_K562	13694	0.1077	0.10887
selected_peak_region	SRSF9_HepG2	13632	0.11453	0.11337
selected_peak_region	SSB_HepG2	13782	0.078756	0.074403
selected_peak_region	SSB_K562	3355	0.06283	0.056366
selected_peak_region	STAU2_HepG2	12567	0.1071	0.1044
selected_peak_region	SUB1_HepG2	13204	0.09312	0.085254
selected_peak_region	SUGP2_HepG2	8832	0.14125	0.1413
selected_peak_region	SUPV3L1_HepG2	13748	0.063648	0.058929
selected_peak_region	SUPV3L1_K562	3856	0.062812	0.056806
selected_peak_region	TAF15_HepG2	12734	0.10225	0.1022
selected_peak_region	TAF15_K562	13265	0.081631	0.078531
selected_peak_region	TARDBP_K562	13062	0.070647	0.071385
selected_peak_region	TBRG4_HepG2	12480	0.06745	0.062475
selected_peak_region	TBRG4_K562	13175	0.071306	0.066652
selected_peak_region	TIA1_HepG2	13193	0.15756	0.15206
selected_peak_region	TIA1_K562	13600	0.14837	0.13775
selected_peak_region	TIAL1_HepG2	13422	0.14064	0.13564
selected_peak_region	TRA2A_HepG2	13321	0.098437	0.092163
selected_peak_region	TRA2A_K562	13003	0.10848	0.092743
selected_peak_region	TROVE2_HepG2	13302	0.076829	0.073902
selected_peak_region	TROVE2_K562	13174	0.076389	0.073246
selected_peak_region	U2AF1_HepG2	13513	0.15256	0.14686
selected_peak_region	U2AF1_K562	13348	0.18248	0.16756
selected_peak_region	U2AF2_HepG2	12099	0.18066	0.17154
selected_peak_region	U2AF2_K562	12414	0.21101	0.20674
selected_peak_region	UCHL5_HepG2	12338	0.13941	0.14006
selected_peak_region	UCHL5_K562	12322	0.12328	0.11911
selected_peak_region	UPF1_HepG2	11619	0.091527	0.082235
selected_peak_region	UPF1_K562	10591	0.096235	0.087394
selected_peak_region	UTP18_HepG2	13717	0.070952	0.060439
selected_peak_region	UTP18_K562	9755	0.068051	0.059107
selected_peak_region	UTP3_K562	13429	0.081129	0.069289
selected_peak_region	WDR3_K562	8734	0.060321	0.056668
selected_peak_region	WDR43_HepG2	13584	0.077452	0.069333
selected_peak_region	WDR43_K562	13807	0.069176	0.060546
selected_peak_region	WRN_K562	13571	0.076072	0.071003
selected_peak_region	XPO5_HepG2	12588	0.064304	0.064478
selected_peak_region	XRCC6_HepG2	13330	0.075841	0.073256
selected_peak_region	XRCC6_K562	13781	0.077495	0.07361
selected_peak_region	XRN2_HepG2	13338	0.11786	0.11214
selected_peak_region	XRN2_K562	13901	0.099127	0.096203
selected_peak_region	YBX3_HepG2	12309	0.11751	0.1009
selected_peak_region	YBX3_K562	11613	0.16541	0.16865
selected_peak_region	YWHAG_K562	12772	0.075212	0.067967
selected_peak_region	ZC3H11A_HepG2	12734	0.087362	0.082393
selected_peak_region	ZC3H11A_K562	13023	0.073931	0.070936
selected_peak_region	ZC3H8_K562	13572	0.062338	0.058254
selected_peak_region	ZNF622_K562	12090	0.1342	0.13431
selected_peak_region	ZNF800_HepG2	13078	0.10691	0.10414
selected_peak_region	ZNF800_K562	13181	0.09826	0.092371
selected_peak_region	ZRANB2_K562	13361	0.0815	0.080634
