filter	rbp	n_tiles	pearson_parnet21m	pearson_single	spearman_parnet21m	spearman_single	n_tiles_full21m	pearson_full21m_0	pearson_full21m_5
rc10	AARS_K562	2214	0.19181	0.17646	0.14473	0.138	2214	0.19507	0.19509
rc10	AATF_K562	2916	0.23731	0.22136	0.15907	0.15281	2916	0.24235	0.24086
rc10	ABCF1_K562	908	0.19001	0.13867	0.14962	0.11786	908	0.19129	0.18598
rc10	AGGF1_HepG2	25279	0.25075	0.21955	0.18657	0.1724	25279	0.25515	0.25519
rc10	AGGF1_K562	21571	0.2451	0.23559	0.1796	0.17484	21571	0.24876	0.24877
rc10	AKAP1_HepG2	8213	0.21722	0.18797	0.16584	0.15084	8213	0.21978	0.21977
rc10	AKAP1_K562	3342	0.16487	0.14361	0.12939	0.11541	3342	0.16765	0.16702
rc10	AKAP8L_K562	16318	0.22014	0.20997	0.16156	0.15644	16318	0.22343	0.2233
rc10	APOBEC3C_K562	4245	0.25553	0.21609	0.1777	0.16128	4245	0.25976	0.25885
rc10	AQR_HepG2	8740	0.40732	0.3545	0.21969	0.19033	8740	0.41497	0.41489
rc10	AQR_K562	11593	0.43962	0.44078	0.17932	0.17722	11593	0.44815	0.44823
rc10	BCCIP_HepG2	8705	0.31556	0.30353	0.20521	0.20012	8705	0.32535	0.32428
rc10	BCLAF1_HepG2	20937	0.30085	0.34719	0.23156	0.24514	20937	0.35775	0.3578
rc10	BUD13_HepG2	16024	0.30119	0.29062	0.21918	0.21498	16024	0.30358	0.30359
rc10	BUD13_K562	26454	0.3174	0.30965	0.225	0.22171	26454	0.32156	0.3216
rc10	CDC40_HepG2	22343	0.20406	0.19473	0.15689	0.1524	22343	0.20834	0.20822
rc10	CPEB4_K562	1793	0.1654	0.14966	0.12872	0.11965	1793	0.16929	0.16905
rc10	CPSF6_K562	7847	0.23294	0.21605	0.17159	0.16443	7847	0.23812	0.23792
rc10	CSTF2T_HepG2	22282	0.2653	0.26113	0.20173	0.20027	22282	0.27123	0.27141
rc10	CSTF2T_K562	20359	0.23043	0.22968	0.1789	0.17646	20359	0.23516	0.23526
rc10	CSTF2_HepG2	51943	0.18583	0.16281	0.16275	0.1567	51943	0.18354	0.18367
rc10	DDX21_K562	3542	0.18617	0.14741	0.14717	0.12603	3542	0.19057	0.19051
rc10	DDX24_K562	7227	0.32393	0.30385	0.22431	0.21568	7227	0.32473	0.32441
rc10	DDX3X_HepG2	5087	0.24537	0.223	0.18374	0.17356	5087	0.25649	0.25646
rc10	DDX3X_K562	5610	0.27248	0.24243	0.19543	0.18398	5610	0.2796	0.27975
rc10	DDX42_K562	4726	0.2658	0.25369	0.17811	0.17374	4726	0.27019	0.26949
rc10	DDX51_K562	3496	0.19132	0.17348	0.14665	0.13873	3496	0.19433	0.19313
rc10	DDX52_HepG2	21293	0.2511	0.24085	0.17931	0.17462	21293	0.25603	0.25594
rc10	DDX52_K562	6698	0.23303	0.21999	0.15897	0.1508	6698	0.23691	0.23673
rc10	DDX55_HepG2	6135	0.23831	0.21089	0.17667	0.16354	6135	0.24151	0.24143
rc10	DDX55_K562	6980	0.26174	0.24209	0.18131	0.17254	6980	0.26614	0.26586
rc10	DDX59_HepG2	13718	0.20933	0.19635	0.15824	0.15131	13718	0.21231	0.21223
rc10	DDX6_HepG2	2788	0.19288	0.16542	0.15266	0.13771	2788	0.19635	0.19585
rc10	DDX6_K562	8634	0.23806	0.21976	0.17228	0.1644	8634	0.24288	0.24281
rc10	DGCR8_HepG2	25829	0.23428	0.22655	0.17963	0.17544	25829	0.24008	0.23996
rc10	DGCR8_K562	5318	0.20605	0.19256	0.16018	0.15493	5318	0.2131	0.21464
rc10	DHX30_HepG2	9116	0.20997	0.19679	0.15918	0.15234	9116	0.21363	0.21342
rc10	DHX30_K562	4802	0.19105	0.17607	0.14726	0.13887	4802	0.19654	0.19635
rc10	DKC1_HepG2	3000	0.25191	0.18548	0.17917	0.14812	3000	0.25457	0.25473
rc10	DROSHA_HepG2	42669	0.19165	0.18725	0.15398	0.15171	42669	0.1959	0.19586
rc10	DROSHA_K562	13828	0.25836	0.2513	0.17207	0.16896	13828	0.26289	0.26291
rc10	EFTUD2_HepG2	11427	0.22114	0.20992	0.17507	0.16971	11427	0.22519	0.22518
rc10	EFTUD2_K562	8950	0.237	0.22558	0.17282	0.16738	8950	0.24188	0.2418
rc10	EIF3D_HepG2	46695	0.25125	0.24689	0.18736	0.18514	46695	0.25621	0.25623
rc10	EIF3G_K562	2273	0.23338	0.20137	0.16029	0.14455	2273	0.23807	0.23793
rc10	EIF3H_HepG2	7944	0.25971	0.26194	0.19135	0.18907	7944	0.27749	0.27756
rc10	EIF4G2_K562	4392	0.26203	0.24468	0.18494	0.17746	4392	0.26714	0.26595
rc10	EWSR1_K562	8365	0.23967	0.23235	0.18339	0.18024	8365	0.24302	0.24237
rc10	EXOSC5_HepG2	2615	0.20509	0.15639	0.15918	0.13301	2615	0.21082	0.20921
rc10	EXOSC5_K562	13083	0.31814	0.30628	0.21131	0.20521	13083	0.32873	0.32876
rc10	FAM120A_HepG2	13102	0.32005	0.31029	0.22324	0.21949	13102	0.32444	0.3244
rc10	FAM120A_K562	8745	0.23847	0.21131	0.18625	0.1735	8745	0.24224	0.24214
rc10	FASTKD2_HepG2	17837	0.26316	0.24971	0.19244	0.18662	17837	0.26674	0.26661
rc10	FASTKD2_K562	5746	0.23515	0.22022	0.16798	0.16042	5746	0.23909	0.239
rc10	FKBP4_HepG2	4499	0.23619	0.2166	0.1691	0.16177	4499	0.23854	0.2375
rc10	FMR1_K562	4937	0.39265	0.37176	0.24497	0.23556	4937	0.40171	0.40168
rc10	FTO_HepG2	2552	0.25603	0.19526	0.18473	0.15533	2552	0.25705	0.25344
rc10	FTO_K562	11383	0.24987	0.23826	0.16808	0.16195	11383	0.25517	0.25505
rc10	FUBP3_HepG2	7504	0.24335	0.23237	0.17313	0.16917	7504	0.25107	0.25033
rc10	FUS_HepG2	41379	0.2529	0.25077	0.19059	0.18913	41379	0.25709	0.25711
rc10	FUS_K562	45188	0.21025	0.20969	0.16647	0.16621	45188	0.21452	0.2144
rc10	FXR1_K562	16641	0.29466	0.29422	0.20178	0.20167	16641	0.30268	0.30253
rc10	FXR2_HepG2	5887	0.28875	0.26724	0.2145	0.20416	5887	0.28707	0.28718
rc10	FXR2_K562	4890	0.38504	0.36808	0.25018	0.24382	4890	0.38743	0.38695
rc10	G3BP1_HepG2	7971	0.31893	0.3068	0.23317	0.22795	7971	0.32053	0.32053
rc10	GEMIN5_K562	7883	0.19579	0.1775	0.14843	0.1408	7883	0.20032	0.19944
rc10	GNL3_K562	2034	0.23483	0.19959	0.16548	0.15239	2034	0.23683	0.23519
rc10	GPKOW_K562	8686	0.28386	0.27282	0.18086	0.17516	8686	0.29117	0.29113
rc10	GRSF1_HepG2	4153	0.20448	0.18252	0.15963	0.14866	4153	0.21322	0.21302
rc10	GRWD1_HepG2	27807	0.33327	0.32563	0.24277	0.2404	27807	0.3375	0.33755
rc10	GRWD1_K562	13835	0.34134	0.33349	0.24388	0.24081	13835	0.34514	0.34518
rc10	GTF2F1_HepG2	14919	0.23763	0.22607	0.1786	0.17234	14919	0.24572	0.24571
rc10	GTF2F1_K562	9690	0.24874	0.23578	0.17682	0.17105	9690	0.25281	0.25274
rc10	HLTF_HepG2	44349	0.26125	0.25717	0.19321	0.19104	44349	0.26494	0.26496
rc10	HLTF_K562	16963	0.27084	0.26212	0.20011	0.19616	16963	0.28008	0.27996
rc10	HNRNPA1_HepG2	58093	0.33132	0.34018	0.21491	0.21716	58093	0.3374	0.33747
rc10	HNRNPA1_K562	27843	0.29459	0.30102	0.19325	0.19458	27843	0.30577	0.30577
rc10	HNRNPC_HepG2	66215	0.44114	0.44391	0.2326	0.23333	66215	0.4468	0.44677
rc10	HNRNPC_K562	72364	0.29402	0.29445	0.17241	0.17267	72364	0.29811	0.29813
rc10	HNRNPK_HepG2	13367	0.32232	0.33058	0.21052	0.21173	13367	0.32826	0.32825
rc10	HNRNPK_K562	7384	0.264	0.2665	0.18873	0.18769	7384	0.27137	0.27138
rc10	HNRNPL_HepG2	47836	0.26444	0.2635	0.18977	0.18912	47836	0.27057	0.27055
rc10	HNRNPL_K562	47949	0.29527	0.29879	0.20632	0.20669	47949	0.30189	0.30185
rc10	HNRNPM_HepG2	19504	0.32246	0.32744	0.22682	0.2277	19504	0.32942	0.32939
rc10	HNRNPM_K562	11522	0.33606	0.33642	0.22112	0.21941	11522	0.34387	0.34441
rc10	HNRNPUL1_HepG2	33608	0.18657	0.1787	0.16338	0.1589	33608	0.18379	0.18387
rc10	HNRNPUL1_K562	18118	0.20802	0.20544	0.16029	0.15896	18118	0.2094	0.2094
rc10	HNRNPU_HepG2	40616	0.21032	0.20348	0.17678	0.17351	40616	0.20905	0.20885
rc10	HNRNPU_K562	80970	0.28226	0.26727	0.21159	0.20513	80970	0.28974	0.28962
rc10	IGF2BP1_HepG2	8234	0.32983	0.31049	0.22597	0.21881	8234	0.33473	0.33491
rc10	IGF2BP1_K562	7312	0.34507	0.32845	0.24225	0.23522	7312	0.3496	0.34968
rc10	IGF2BP2_K562	6856	0.34552	0.3268	0.23155	0.22419	6856	0.34951	0.34951
rc10	IGF2BP3_HepG2	10722	0.3219	0.31113	0.22392	0.21961	10722	0.3266	0.32684
rc10	ILF3_HepG2	25011	0.28001	0.29614	0.20041	0.20393	25011	0.30124	0.30125
rc10	ILF3_K562	34630	0.27887	0.2761	0.19107	0.18937	34630	0.28325	0.2832
rc10	KHDRBS1_K562	57049	0.32367	0.32772	0.21434	0.21439	57049	0.3297	0.32963
rc10	KHSRP_HepG2	50059	0.26511	0.26371	0.19524	0.19391	50059	0.26991	0.2699
rc10	KHSRP_K562	58045	0.33863	0.33881	0.24223	0.24238	58045	0.34537	0.34537
rc10	LARP4_HepG2	21299	0.22336	0.21198	0.16608	0.16083	21299	0.23084	0.23087
rc10	LARP4_K562	7590	0.23229	0.21891	0.16724	0.16111	7590	0.2386	0.2385
rc10	LARP7_HepG2	260	0.18894	0.12464	0.15271	0.11627	260	0.18667	0.17975
rc10	LARP7_K562	517	0.19441	0.15687	0.14754	0.12989	517	0.19371	0.19401
rc10	LIN28B_HepG2	6915	0.28317	0.26111	0.20032	0.19006	6915	0.28139	0.28104
rc10	LIN28B_K562	9746	0.2894	0.27759	0.1963	0.18921	9746	0.29237	0.29219
rc10	LSM11_HepG2	20526	0.26155	0.25214	0.19258	0.18791	20526	0.26537	0.26537
rc10	LSM11_K562	13439	0.25613	0.24254	0.17924	0.17335	13439	0.26031	0.2603
rc10	MATR3_HepG2	27305	0.24402	0.24259	0.18627	0.18517	27305	0.24971	0.24965
rc10	MATR3_K562	12422	0.28271	0.27678	0.19798	0.19582	12422	0.28804	0.28824
rc10	METAP2_K562	8809	0.26354	0.24902	0.18705	0.1802	8809	0.2703	0.26986
rc10	MTPAP_K562	23374	0.24258	0.23327	0.17686	0.17221	23374	0.24584	0.24578
rc10	NCBP2_HepG2	14296	0.23167	0.22239	0.17366	0.16933	14296	0.23793	0.23764
rc10	NCBP2_K562	4628	0.22929	0.19938	0.16696	0.15341	4628	0.2322	0.23149
rc10	NIP7_HepG2	669	0.23357	0.14687	0.18661	0.13574	669	0.23391	0.21533
rc10	NIPBL_K562	7661	0.23009	0.21549	0.16916	0.16251	7661	0.23392	0.23369
rc10	NKRF_HepG2	29234	0.27048	0.26161	0.19139	0.18709	29234	0.2737	0.27358
rc10	NOL12_HepG2	4181	0.25936	0.21397	0.18374	0.16363	4181	0.26152	0.25753
rc10	NOLC1_HepG2	2440	0.23587	0.16641	0.18034	0.14142	2440	0.23885	0.23746
rc10	NOLC1_K562	15777	0.24558	0.2271	0.17725	0.16839	15777	0.25145	0.25129
rc10	NONO_K562	24133	0.2795	0.28112	0.20901	0.20923	24133	0.28408	0.28411
rc10	NPM1_K562	1316	0.2345	0.19256	0.16048	0.14349	1316	0.23686	0.23441
rc10	NSUN2_K562	911	0.22973	0.20305	0.14859	0.13591	911	0.22255	0.22623
rc10	PABPC4_K562	3681	0.2977	0.25772	0.21254	0.19556	3681	0.30088	0.30073
rc10	PABPN1_HepG2	11355	0.23808	0.22231	0.17873	0.17093	11355	0.24277	0.24291
rc10	PCBP1_HepG2	1689	0.22425	0.16623	0.17197	0.13523	1689	0.22643	0.22138
rc10	PCBP1_K562	1866	0.22755	0.18674	0.16669	0.14616	1866	0.22955	0.22449
rc10	PCBP2_HepG2	12190	0.30108	0.29762	0.20731	0.20555	12190	0.30559	0.30557
rc10	PHF6_K562	2282	0.19081	0.16208	0.14686	0.1311	2282	0.19503	0.18869
rc10	POLR2G_HepG2	16254	0.27196	0.26209	0.17472	0.1702	16254	0.27629	0.27591
rc10	PPIG_HepG2	14034	0.38874	0.38405	0.26574	0.26428	14034	0.3917	0.39174
rc10	PPIL4_K562	28382	0.26974	0.25283	0.18689	0.17927	28382	0.27368	0.27345
rc10	PRPF4_HepG2	15283	0.31074	0.30516	0.22417	0.22167	15283	0.31418	0.31238
rc10	PRPF8_HepG2	12554	0.43607	0.43746	0.24486	0.2428	12554	0.44171	0.44173
rc10	PRPF8_K562	17596	0.33497	0.33334	0.2257	0.22438	17596	0.34146	0.34148
rc10	PTBP1_HepG2	23250	0.28436	0.27093	0.19937	0.19277	23250	0.29104	0.29084
rc10	PTBP1_K562	10061	0.3058	0.28672	0.19903	0.18986	10061	0.31184	0.31181
rc10	PUM1_K562	5354	0.29678	0.28283	0.2101	0.20388	5354	0.29863	0.29766
rc10	PUM2_K562	5350	0.2327	0.24122	0.16862	0.17218	5350	0.24744	0.24722
rc10	PUS1_K562	2229	0.22984	0.20587	0.15664	0.14602	2229	0.23345	0.23093
rc10	QKI_HepG2	26493	0.29366	0.29992	0.19885	0.1996	26493	0.30135	0.30138
rc10	QKI_K562	5714	0.23366	0.23569	0.16139	0.16029	5714	0.24243	0.2424
rc10	RBFOX2_HepG2	12533	0.32455	0.32436	0.20784	0.20722	12533	0.33122	0.33114
rc10	RBFOX2_K562	34067	0.25538	0.25216	0.18133	0.17978	34067	0.26052	0.26052
rc10	RBM15_HepG2	11108	0.2407	0.23362	0.17349	0.16974	11108	0.24376	0.24385
rc10	RBM15_K562	13943	0.34005	0.33006	0.2114	0.20674	13943	0.34422	0.3443
rc10	RBM22_HepG2	15097	0.24083	0.23926	0.17695	0.17451	15097	0.2478	0.24777
rc10	RBM22_K562	3075	0.34366	0.34538	0.15551	0.1499	3075	0.3516	0.35145
rc10	RBM5_HepG2	28131	0.25256	0.24946	0.18073	0.17921	28131	0.25764	0.25761
rc10	RPS11_K562	619	0.21345	0.15718	0.15689	0.1286	619	0.21004	0.19561
rc10	RPS3_HepG2	3563	0.30155	0.26211	0.217	0.19954	3563	0.30773	0.30536
rc10	RPS3_K562	3573	0.25753	0.21412	0.18451	0.16401	3573	0.26063	0.26064
rc10	SAFB2_K562	51605	0.23477	0.22815	0.18386	0.18028	51605	0.23732	0.23728
rc10	SAFB_HepG2	56929	0.24824	0.23838	0.17992	0.1757	56929	0.25144	0.25143
rc10	SAFB_K562	54598	0.28448	0.27706	0.19079	0.18726	54598	0.28636	0.28633
rc10	SBDS_K562	352	0.25206	0.17454	0.17124	0.1404	352	0.25259	0.2448
rc10	SDAD1_HepG2	3105	0.2682	0.22021	0.19287	0.16958	3105	0.26974	0.26452
rc10	SDAD1_K562	669	0.16592	0.12714	0.13436	0.11285	669	0.1682	0.16168
rc10	SERBP1_K562	87	0.16302	0.12074	0.13604	0.10792	87	0.17544	0.14539
rc10	SF3A3_HepG2	5500	0.24361	0.2351	0.17638	0.16977	5500	0.24713	0.24758
rc10	SF3B1_K562	624	0.1723	0.16237	0.12424	0.11959	624	0.17579	0.1753
rc10	SF3B4_HepG2	4255	0.38552	0.39284	0.23429	0.23363	4255	0.39478	0.3947
rc10	SF3B4_K562	8741	0.32892	0.32875	0.20359	0.2012	8741	0.33726	0.33724
rc10	SFPQ_HepG2	31684	0.20864	0.21607	0.17067	0.1725	31684	0.21423	0.21424
rc10	SLBP_K562	98	0.16457	0.12961	0.1273	0.12189	98	0.17637	0.16893
rc10	SLTM_HepG2	10611	0.24928	0.24136	0.18296	0.17997	10611	0.25279	0.25228
rc10	SLTM_K562	8884	0.28453	0.27793	0.19776	0.19536	8884	0.28864	0.28816
rc10	SMNDC1_HepG2	4624	0.21275	0.17987	0.16296	0.1482	4624	0.21519	0.21456
rc10	SMNDC1_K562	11047	0.25804	0.23777	0.1874	0.17832	11047	0.26371	0.26381
rc10	SND1_HepG2	4984	0.31724	0.28779	0.21948	0.20871	4984	0.32698	0.32708
rc10	SND1_K562	24599	0.2614	0.26026	0.1788	0.17817	24599	0.27109	0.2712
rc10	SRSF1_HepG2	14296	0.32338	0.32461	0.22252	0.22195	14296	0.32954	0.32947
rc10	SRSF1_K562	15347	0.26278	0.26047	0.18656	0.18397	15347	0.26996	0.26945
rc10	SRSF7_HepG2	5764	0.29843	0.20301	0.18502	0.15525	5764	0.30418	0.30385
rc10	SRSF7_K562	6756	0.29111	0.19893	0.19493	0.16351	6756	0.29605	0.29533
rc10	SRSF9_HepG2	9209	0.29245	0.28685	0.20115	0.19729	9209	0.299	0.2994
rc10	SSB_HepG2	17520	0.21812	0.20634	0.16067	0.15412	17520	0.22385	0.22387
rc10	SSB_K562	707	0.15771	0.12463	0.13337	0.11031	707	0.16188	0.16758
rc10	STAU2_HepG2	45222	0.30867	0.30272	0.20168	0.19853	45222	0.31307	0.31306
rc10	SUB1_HepG2	2395	0.22115	0.20143	0.1716	0.16116	2395	0.2278	0.22779
rc10	SUGP2_HepG2	56274	0.30009	0.29777	0.22208	0.22092	56274	0.30401	0.30401
rc10	SUPV3L1_HepG2	6023	0.20437	0.18677	0.15071	0.14348	6023	0.20949	0.20927
rc10	SUPV3L1_K562	149	0.17764	0.15812	0.14017	0.13176	149	0.18467	0.18573
rc10	TAF15_HepG2	55460	0.24658	0.26136	0.19414	0.19899	55460	0.26587	0.26587
rc10	TAF15_K562	25395	0.24725	0.24218	0.17841	0.17617	25395	0.25152	0.25122
rc10	TARDBP_K562	8290	0.42607	0.43437	0.21475	0.21304	8290	0.43499	0.43506
rc10	TBRG4_HepG2	1181	0.1224	0.10789	0.099986	0.091884	1181	0.12404	0.12369
rc10	TBRG4_K562	7418	0.21661	0.20402	0.15611	0.14969	7418	0.2216	0.2214
rc10	TIA1_HepG2	22371	0.33764	0.34189	0.21115	0.21171	22371	0.34723	0.34721
rc10	TIA1_K562	34445	0.31283	0.317	0.2092	0.2104	34445	0.32199	0.322
rc10	TIAL1_HepG2	11707	0.28924	0.28372	0.18891	0.18625	11707	0.2984	0.29837
rc10	TRA2A_HepG2	3335	0.25934	0.224	0.1843	0.16878	3335	0.26246	0.26042
rc10	TRA2A_K562	6562	0.29791	0.24413	0.20623	0.18569	6562	0.30224	0.30187
rc10	TROVE2_HepG2	21874	0.26561	0.25764	0.18036	0.17656	21874	0.26994	0.26981
rc10	TROVE2_K562	17611	0.26864	0.26123	0.17464	0.17043	17611	0.27446	0.27439
rc10	U2AF1_HepG2	26274	0.32098	0.31719	0.20813	0.2056	26274	0.3265	0.32645
rc10	U2AF1_K562	6861	0.36984	0.35235	0.2075	0.20102	6861	0.37867	0.3786
rc10	U2AF2_HepG2	26982	0.32655	0.32844	0.19899	0.19811	26982	0.33385	0.33381
rc10	U2AF2_K562	20500	0.41551	0.41107	0.23318	0.23034	20500	0.42485	0.42477
rc10	UCHL5_HepG2	33261	0.30093	0.29643	0.21814	0.21599	33261	0.3056	0.30564
rc10	UCHL5_K562	25848	0.3024	0.2971	0.21671	0.21464	25848	0.30765	0.30765
rc10	UPF1_HepG2	3321	0.26324	0.20323	0.19864	0.16318	3321	0.26621	0.26613
rc10	UPF1_K562	7853	0.27111	0.23994	0.19307	0.17818	7853	0.27442	0.27437
rc10	UTP18_HepG2	2845	0.19797	0.16651	0.15155	0.13436	2845	0.20259	0.19848
rc10	UTP18_K562	1536	0.19009	0.15687	0.14479	0.1285	1536	0.19766	0.19176
rc10	UTP3_K562	836	0.12352	0.10108	0.10181	0.089946	836	0.12838	0.12836
rc10	WDR3_K562	620	0.17554	0.15828	0.12813	0.12172	620	0.18177	0.17969
rc10	WDR43_HepG2	3924	0.21337	0.17635	0.16124	0.14048	3924	0.21555	0.21436
rc10	WDR43_K562	2601	0.18896	0.16038	0.14362	0.12988	2601	0.1922	0.19115
rc10	WRN_K562	2154	0.21802	0.20504	0.1501	0.1448	2154	0.22047	0.22037
rc10	XPO5_HepG2	11298	0.18861	0.18393	0.15031	0.14738	11298	0.19547	0.19573
rc10	XRCC6_HepG2	11015	0.21875	0.20422	0.16	0.15317	11015	0.21922	0.21887
rc10	XRCC6_K562	15380	0.28621	0.27557	0.18339	0.17835	15380	0.29061	0.29053
rc10	XRN2_HepG2	18198	0.29	0.2991	0.20452	0.20695	18198	0.29682	0.29678
rc10	XRN2_K562	7228	0.26478	0.25209	0.18424	0.18007	7228	0.26897	0.26894
rc10	YBX3_HepG2	20137	0.27635	0.15384	0.20758	0.14677	20137	0.28102	0.28103
rc10	YBX3_K562	14007	0.41396	0.40467	0.27271	0.26865	14007	0.41499	0.41503
rc10	YWHAG_K562	6385	0.23555	0.2094	0.16949	0.1592	6385	0.23826	0.23712
rc10	ZC3H11A_HepG2	42980	0.22648	0.22335	0.17817	0.17611	42980	0.23269	0.23272
rc10	ZC3H11A_K562	7979	0.20978	0.19665	0.15985	0.15273	7979	0.2149	0.21488
rc10	ZC3H8_K562	1089	0.15895	0.13636	0.13042	0.11872	1089	0.16407	0.16375
rc10	ZNF622_K562	15532	0.34705	0.34166	0.24714	0.2453	15532	0.35059	0.3506
rc10	ZNF800_HepG2	7777	0.30811	0.28657	0.21344	0.20455	7777	0.3092	0.30807
rc10	ZNF800_K562	3917	0.2767	0.25079	0.20776	0.19571	3917	0.28345	0.28065
rc10	ZRANB2_K562	3428	0.20674	0.19506	0.15687	0.15058	3428	0.21271	0.21261
rc10_cluster5	AARS_K562	91	0.32497	0.27195	0.25521	0.23152	91	0.32723	0.32666
rc10_cluster5	AATF_K562	181	0.3902	0.35005	0.24894	0.23699	181	0.39894	0.38489
rc10_cluster5	ABCF1_K562	84	0.32518	0.24508	0.24474	0.20043	84	0.31909	0.30983
rc10_cluster5	AGGF1_HepG2	3829	0.40997	0.34445	0.29958	0.26956	3829	0.41605	0.41609
rc10_cluster5	AGGF1_K562	2698	0.4189	0.39804	0.30155	0.29174	2698	0.42348	0.42357
rc10_cluster5	AKAP1_HepG2	875	0.41881	0.33907	0.30964	0.2677	875	0.42004	0.41921
rc10_cluster5	AKAP1_K562	253	0.35344	0.29198	0.25736	0.22586	253	0.35858	0.35533
rc10_cluster5	AKAP8L_K562	1616	0.37361	0.34924	0.26105	0.25064	1616	0.37617	0.37608
rc10_cluster5	APOBEC3C_K562	450	0.42004	0.33643	0.29702	0.2661	450	0.41799	0.4164
rc10_cluster5	AQR_HepG2	2302	0.51018	0.44108	0.31692	0.27486	2302	0.52124	0.52119
rc10_cluster5	AQR_K562	2109	0.60978	0.60761	0.27646	0.27086	2109	0.61566	0.61574
rc10_cluster5	BCCIP_HepG2	1872	0.44862	0.43242	0.28452	0.27659	1872	0.46215	0.46115
rc10_cluster5	BCLAF1_HepG2	7593	0.45529	0.53264	0.34775	0.36566	7593	0.53545	0.53556
rc10_cluster5	BUD13_HepG2	4392	0.43795	0.42818	0.32149	0.31616	4392	0.43919	0.43926
rc10_cluster5	BUD13_K562	8046	0.47167	0.46526	0.34085	0.3367	8046	0.47388	0.47392
rc10_cluster5	CDC40_HepG2	1915	0.35018	0.32661	0.26479	0.2523	1915	0.35471	0.35454
rc10_cluster5	CPEB4_K562	89	0.35073	0.30053	0.2454	0.22117	89	0.35558	0.35406
rc10_cluster5	CPSF6_K562	874	0.39018	0.36205	0.27657	0.26515	874	0.39737	0.3974
rc10_cluster5	CSTF2T_HepG2	7156	0.3776	0.36854	0.28902	0.28587	7156	0.3816	0.38181
rc10_cluster5	CSTF2T_K562	3689	0.37544	0.36671	0.28425	0.27804	3689	0.37861	0.37875
rc10_cluster5	CSTF2_HepG2	9619	0.30132	0.24742	0.25626	0.24171	9619	0.29565	0.29573
rc10_cluster5	DDX21_K562	285	0.32711	0.25952	0.2489	0.21366	285	0.33208	0.33177
rc10_cluster5	DDX24_K562	2120	0.46065	0.43715	0.31506	0.30485	2120	0.4591	0.45868
rc10_cluster5	DDX3X_HepG2	868	0.43214	0.3835	0.3101	0.28393	868	0.44092	0.4407
rc10_cluster5	DDX3X_K562	997	0.4626	0.40688	0.31816	0.29707	997	0.4646	0.46475
rc10_cluster5	DDX42_K562	527	0.42272	0.39982	0.26259	0.25619	527	0.42527	0.42452
rc10_cluster5	DDX51_K562	169	0.34426	0.28457	0.25041	0.23098	169	0.34791	0.34368
rc10_cluster5	DDX52_HepG2	1879	0.42078	0.39083	0.29319	0.27858	1879	0.42337	0.42331
rc10_cluster5	DDX52_K562	426	0.40082	0.36856	0.25419	0.23683	426	0.40312	0.40292
rc10_cluster5	DDX55_HepG2	810	0.40493	0.34661	0.29777	0.26771	810	0.40436	0.40396
rc10_cluster5	DDX55_K562	821	0.43675	0.39133	0.30273	0.28302	821	0.43578	0.43486
rc10_cluster5	DDX59_HepG2	1209	0.3531	0.31988	0.26556	0.24687	1209	0.35606	0.35591
rc10_cluster5	DDX6_HepG2	247	0.36932	0.30073	0.28261	0.24187	247	0.36372	0.36268
rc10_cluster5	DDX6_K562	883	0.40939	0.36295	0.29088	0.27218	883	0.41156	0.41156
rc10_cluster5	DGCR8_HepG2	2734	0.37833	0.35838	0.28967	0.27918	2734	0.3861	0.38577
rc10_cluster5	DGCR8_K562	373	0.35101	0.3194	0.28185	0.26761	373	0.36061	0.36251
rc10_cluster5	DHX30_HepG2	584	0.37537	0.32241	0.27605	0.24813	584	0.37081	0.36992
rc10_cluster5	DHX30_K562	264	0.32849	0.27639	0.24917	0.22248	264	0.33201	0.33176
rc10_cluster5	DKC1_HepG2	478	0.41417	0.31081	0.29312	0.2392	478	0.41797	0.41837
rc10_cluster5	DROSHA_HepG2	4307	0.3462	0.32968	0.26533	0.25734	4307	0.35008	0.35005
rc10_cluster5	DROSHA_K562	1255	0.43328	0.41639	0.26935	0.26206	1255	0.43775	0.43798
rc10_cluster5	EFTUD2_HepG2	2016	0.36297	0.34358	0.28566	0.27571	2016	0.36972	0.36972
rc10_cluster5	EFTUD2_K562	1094	0.39461	0.37152	0.27995	0.26908	1094	0.40091	0.40069
rc10_cluster5	EIF3D_HepG2	7741	0.40958	0.3965	0.29755	0.29152	7741	0.41317	0.41321
rc10_cluster5	EIF3G_K562	154	0.39486	0.31431	0.25119	0.21332	154	0.396	0.3968
rc10_cluster5	EIF3H_HepG2	1471	0.41023	0.41046	0.299	0.29337	1471	0.43152	0.43227
rc10_cluster5	EIF4G2_K562	765	0.43294	0.40785	0.29494	0.28245	765	0.43809	0.43677
rc10_cluster5	EWSR1_K562	1372	0.39705	0.38747	0.31053	0.30576	1372	0.40248	0.40315
rc10_cluster5	EXOSC5_HepG2	332	0.34407	0.26285	0.2623	0.21461	332	0.34816	0.34588
rc10_cluster5	EXOSC5_K562	3114	0.46563	0.45242	0.31442	0.30705	3114	0.49017	0.49004
rc10_cluster5	FAM120A_HepG2	3795	0.45842	0.44576	0.32131	0.31637	3795	0.46372	0.46361
rc10_cluster5	FAM120A_K562	1928	0.3915	0.35008	0.30159	0.28105	1928	0.39639	0.39633
rc10_cluster5	FASTKD2_HepG2	2938	0.42965	0.40616	0.30864	0.29865	2938	0.43168	0.4315
rc10_cluster5	FASTKD2_K562	453	0.38418	0.34305	0.26243	0.245	453	0.3858	0.38544
rc10_cluster5	FKBP4_HepG2	435	0.36852	0.33688	0.26625	0.25212	435	0.37127	0.36809
rc10_cluster5	FMR1_K562	2093	0.50527	0.48307	0.31327	0.30143	2093	0.51393	0.51389
rc10_cluster5	FTO_HepG2	414	0.40493	0.31364	0.29598	0.24537	414	0.40276	0.39769
rc10_cluster5	FTO_K562	792	0.4091	0.37254	0.26719	0.24985	792	0.41105	0.41113
rc10_cluster5	FUBP3_HepG2	708	0.46169	0.43317	0.30528	0.29279	708	0.46533	0.46258
rc10_cluster5	FUS_HepG2	5779	0.40591	0.39881	0.30467	0.30052	5779	0.41131	0.41133
rc10_cluster5	FUS_K562	7857	0.34515	0.34206	0.2703	0.26844	7857	0.35069	0.35062
rc10_cluster5	FXR1_K562	3509	0.47288	0.46436	0.32981	0.32796	3509	0.46743	0.46732
rc10_cluster5	FXR2_HepG2	1545	0.45147	0.4229	0.3338	0.32105	1545	0.44634	0.44644
rc10_cluster5	FXR2_K562	2126	0.5065	0.48835	0.32453	0.31794	2126	0.50756	0.50672
rc10_cluster5	G3BP1_HepG2	2515	0.48407	0.47431	0.35256	0.34958	2515	0.48359	0.48351
rc10_cluster5	GEMIN5_K562	607	0.35954	0.31399	0.2566	0.23561	607	0.35969	0.35836
rc10_cluster5	GNL3_K562	116	0.36277	0.27311	0.25494	0.22501	116	0.35891	0.35975
rc10_cluster5	GPKOW_K562	997	0.4403	0.41607	0.26989	0.25923	997	0.44753	0.44767
rc10_cluster5	GRSF1_HepG2	440	0.34974	0.29415	0.27676	0.24459	440	0.35787	0.35624
rc10_cluster5	GRWD1_HepG2	10532	0.51602	0.50971	0.3676	0.36533	10532	0.51715	0.51725
rc10_cluster5	GRWD1_K562	5035	0.50439	0.49652	0.35632	0.35368	5035	0.50607	0.50616
rc10_cluster5	GTF2F1_HepG2	1789	0.3887	0.36553	0.28774	0.2743	1789	0.40057	0.40065
rc10_cluster5	GTF2F1_K562	1160	0.41908	0.39661	0.28406	0.27294	1160	0.4253	0.4252
rc10_cluster5	HLTF_HepG2	7659	0.4258	0.41738	0.31045	0.30597	7659	0.42901	0.42909
rc10_cluster5	HLTF_K562	4481	0.44584	0.43155	0.32168	0.31632	4481	0.45122	0.45115
rc10_cluster5	HNRNPA1_HepG2	12334	0.47573	0.48822	0.31018	0.31328	12334	0.48361	0.48374
rc10_cluster5	HNRNPA1_K562	3563	0.43314	0.44169	0.28583	0.28747	3563	0.44905	0.44908
rc10_cluster5	HNRNPC_HepG2	22081	0.61183	0.61529	0.30963	0.31056	22081	0.61856	0.61855
rc10_cluster5	HNRNPC_K562	17679	0.49505	0.49487	0.2624	0.26259	17679	0.50018	0.5002
rc10_cluster5	HNRNPK_HepG2	3501	0.48295	0.49642	0.2989	0.30065	3501	0.49094	0.491
rc10_cluster5	HNRNPK_K562	1080	0.42126	0.42938	0.29169	0.29065	1080	0.43464	0.43484
rc10_cluster5	HNRNPL_HepG2	9299	0.43815	0.43751	0.30648	0.30571	9299	0.44828	0.44827
rc10_cluster5	HNRNPL_K562	9339	0.44703	0.45224	0.31326	0.31372	9339	0.4572	0.45718
rc10_cluster5	HNRNPM_HepG2	6384	0.45333	0.46046	0.31107	0.31261	6384	0.46262	0.46261
rc10_cluster5	HNRNPM_K562	3723	0.47215	0.4733	0.29893	0.2972	3723	0.4835	0.48361
rc10_cluster5	HNRNPUL1_HepG2	3089	0.30629	0.29143	0.26189	0.25446	3089	0.30162	0.30175
rc10_cluster5	HNRNPUL1_K562	1136	0.34336	0.33193	0.26102	0.256	1136	0.3449	0.34491
rc10_cluster5	HNRNPU_HepG2	6625	0.32436	0.31272	0.27135	0.26567	6625	0.32149	0.3211
rc10_cluster5	HNRNPU_K562	19329	0.40165	0.37925	0.30657	0.29648	19329	0.41222	0.41211
rc10_cluster5	IGF2BP1_HepG2	2590	0.47666	0.44844	0.31505	0.30277	2590	0.48236	0.4825
rc10_cluster5	IGF2BP1_K562	2774	0.46668	0.44808	0.3328	0.32451	2774	0.47134	0.4714
rc10_cluster5	IGF2BP2_K562	2594	0.48978	0.46291	0.31655	0.30554	2594	0.4952	0.49521
rc10_cluster5	IGF2BP3_HepG2	3001	0.46189	0.44288	0.31815	0.30988	3001	0.4658	0.46583
rc10_cluster5	ILF3_HepG2	5767	0.42517	0.44987	0.28826	0.29365	5767	0.45705	0.45711
rc10_cluster5	ILF3_K562	5037	0.44004	0.43391	0.29047	0.28666	5037	0.44639	0.44633
rc10_cluster5	KHDRBS1_K562	9573	0.48494	0.49261	0.32693	0.32689	9573	0.49342	0.49339
rc10_cluster5	KHSRP_HepG2	7525	0.42013	0.41662	0.30804	0.30531	7525	0.42709	0.42711
rc10_cluster5	KHSRP_K562	19818	0.49733	0.49853	0.35783	0.35767	19818	0.50489	0.50491
rc10_cluster5	LARP4_HepG2	2393	0.40004	0.35818	0.29159	0.27032	2393	0.40143	0.4013
rc10_cluster5	LARP4_K562	672	0.39206	0.35171	0.26747	0.25112	672	0.39679	0.39622
rc10_cluster5	LARP7_HepG2	46	0.35044	0.22097	0.27329	0.2023	46	0.33775	0.32238
rc10_cluster5	LARP7_K562	51	0.34015	0.33763	0.23929	0.23162	51	0.33462	0.33427
rc10_cluster5	LIN28B_HepG2	1789	0.43513	0.40583	0.30388	0.2889	1789	0.43493	0.43456
rc10_cluster5	LIN28B_K562	2744	0.40492	0.38481	0.28099	0.26845	2744	0.40508	0.40484
rc10_cluster5	LSM11_HepG2	3328	0.422	0.40428	0.31009	0.301	3328	0.42327	0.42319
rc10_cluster5	LSM11_K562	1231	0.39125	0.36552	0.27774	0.26734	1231	0.39531	0.39512
rc10_cluster5	MATR3_HepG2	5399	0.38533	0.38441	0.28735	0.28649	5399	0.39511	0.39503
rc10_cluster5	MATR3_K562	2374	0.43689	0.43097	0.30229	0.30018	2374	0.44616	0.44666
rc10_cluster5	METAP2_K562	1298	0.44332	0.40758	0.30504	0.28847	1298	0.44302	0.44231
rc10_cluster5	MTPAP_K562	3601	0.39766	0.3769	0.28834	0.27902	3601	0.39751	0.39744
rc10_cluster5	NCBP2_HepG2	1631	0.37259	0.35012	0.27638	0.26659	1631	0.37642	0.37609
rc10_cluster5	NCBP2_K562	389	0.37123	0.31454	0.25582	0.23422	389	0.37272	0.37124
rc10_cluster5	NIP7_HepG2	108	0.38105	0.26118	0.31192	0.23778	108	0.37575	0.3391
rc10_cluster5	NIPBL_K562	643	0.38715	0.35592	0.27433	0.2615	643	0.39124	0.39049
rc10_cluster5	NKRF_HepG2	4394	0.42271	0.40465	0.29609	0.2873	4394	0.4257	0.42557
rc10_cluster5	NOL12_HepG2	573	0.40644	0.33511	0.28638	0.24977	573	0.40338	0.39603
rc10_cluster5	NOLC1_HepG2	449	0.41266	0.29526	0.31293	0.24495	449	0.41522	0.41198
rc10_cluster5	NOLC1_K562	2169	0.38436	0.34218	0.27582	0.2559	2169	0.38948	0.38907
rc10_cluster5	NONO_K562	3893	0.41727	0.42045	0.31942	0.31979	3893	0.42469	0.42473
rc10_cluster5	NPM1_K562	83	0.32937	0.25349	0.22812	0.19693	83	0.33387	0.33526
rc10_cluster5	NSUN2_K562	90	0.31468	0.26753	0.18548	0.16629	90	0.31272	0.31773
rc10_cluster5	PABPC4_K562	986	0.4339	0.37061	0.31255	0.28315	986	0.43699	0.43687
rc10_cluster5	PABPN1_HepG2	1980	0.4292	0.40343	0.317	0.30564	1980	0.42917	0.42908
rc10_cluster5	PCBP1_HepG2	246	0.40554	0.29146	0.30059	0.23228	246	0.40646	0.39298
rc10_cluster5	PCBP1_K562	243	0.39936	0.33968	0.27745	0.25338	243	0.39566	0.38245
rc10_cluster5	PCBP2_HepG2	3115	0.47996	0.4713	0.31561	0.31104	3115	0.48342	0.48344
rc10_cluster5	PHF6_K562	168	0.33154	0.26039	0.24545	0.21339	168	0.33784	0.32489
rc10_cluster5	POLR2G_HepG2	1749	0.45932	0.44182	0.26428	0.25566	1749	0.46348	0.46293
rc10_cluster5	PPIG_HepG2	6107	0.53149	0.5306	0.36036	0.35991	6107	0.5328	0.53291
rc10_cluster5	PPIL4_K562	3959	0.41715	0.38178	0.29351	0.27765	3959	0.42196	0.42176
rc10_cluster5	PRPF4_HepG2	4741	0.44842	0.44304	0.32319	0.32002	4741	0.4517	0.44968
rc10_cluster5	PRPF8_HepG2	5358	0.58449	0.59088	0.32444	0.32246	5358	0.58915	0.58921
rc10_cluster5	PRPF8_K562	4441	0.47993	0.47686	0.3227	0.31986	4441	0.48762	0.48769
rc10_cluster5	PTBP1_HepG2	4859	0.4783	0.46055	0.31329	0.30359	4859	0.48641	0.48628
rc10_cluster5	PTBP1_K562	2016	0.50994	0.49478	0.30664	0.29848	2016	0.51919	0.51906
rc10_cluster5	PUM1_K562	1266	0.45652	0.44565	0.31986	0.3153	1266	0.45681	0.45535
rc10_cluster5	PUM2_K562	781	0.42185	0.42512	0.28283	0.27913	781	0.43001	0.42865
rc10_cluster5	PUS1_K562	120	0.40947	0.33009	0.25916	0.23416	120	0.40643	0.40307
rc10_cluster5	QKI_HepG2	4740	0.49418	0.50535	0.31534	0.31614	4740	0.5063	0.5063
rc10_cluster5	QKI_K562	786	0.46334	0.46474	0.2941	0.29	786	0.47563	0.47556
rc10_cluster5	RBFOX2_HepG2	3120	0.47567	0.4772	0.29789	0.29694	3120	0.48359	0.48351
rc10_cluster5	RBFOX2_K562	5587	0.40093	0.39538	0.28099	0.27824	5587	0.40929	0.40926
rc10_cluster5	RBM15_HepG2	1501	0.40566	0.39385	0.2863	0.28002	1501	0.40736	0.40747
rc10_cluster5	RBM15_K562	3336	0.51605	0.50472	0.31802	0.31236	3336	0.51867	0.51865
rc10_cluster5	RBM22_HepG2	1827	0.39581	0.38965	0.27112	0.26592	1827	0.40454	0.40449
rc10_cluster5	RBM22_K562	487	0.56593	0.56454	0.22505	0.21672	487	0.57759	0.57686
rc10_cluster5	RBM5_HepG2	2749	0.39223	0.38539	0.28183	0.27742	2749	0.39906	0.39931
rc10_cluster5	RPS11_K562	57	0.35178	0.26657	0.23918	0.21411	57	0.34318	0.31031
rc10_cluster5	RPS3_HepG2	985	0.47172	0.41621	0.33848	0.30991	985	0.47498	0.46957
rc10_cluster5	RPS3_K562	542	0.40809	0.32787	0.29037	0.25382	542	0.40535	0.404
rc10_cluster5	SAFB2_K562	9839	0.3647	0.35201	0.28703	0.28036	9839	0.368	0.36798
rc10_cluster5	SAFB_HepG2	9143	0.39694	0.37833	0.28075	0.273	9143	0.40171	0.4017
rc10_cluster5	SAFB_K562	8841	0.4464	0.43021	0.29021	0.28303	8841	0.44887	0.44888
rc10_cluster5	SBDS_K562	51	0.37418	0.296	0.23159	0.20147	51	0.39978	0.37963
rc10_cluster5	SDAD1_HepG2	537	0.40634	0.33836	0.29601	0.25947	537	0.40701	0.39774
rc10_cluster5	SDAD1_K562	50	0.27922	0.18639	0.21567	0.18983	50	0.27553	0.25298
rc10_cluster5	SF3A3_HepG2	956	0.38867	0.37819	0.26158	0.24965	956	0.39686	0.39695
rc10_cluster5	SF3B1_K562	58	0.22264	0.19502	0.18284	0.168	58	0.21965	0.21694
rc10_cluster5	SF3B4_HepG2	1688	0.49899	0.51152	0.3005	0.29913	1688	0.50961	0.50956
rc10_cluster5	SF3B4_K562	2358	0.48008	0.48107	0.28761	0.28407	2358	0.49053	0.49039
rc10_cluster5	SFPQ_HepG2	3544	0.34827	0.36251	0.28485	0.28789	3544	0.35821	0.35823
rc10_cluster5	SLTM_HepG2	1509	0.38951	0.37448	0.28512	0.27888	1509	0.3926	0.39192
rc10_cluster5	SLTM_K562	1582	0.41998	0.40875	0.29115	0.28799	1582	0.42407	0.42375
rc10_cluster5	SMNDC1_HepG2	395	0.33392	0.27523	0.25759	0.23418	395	0.3404	0.33938
rc10_cluster5	SMNDC1_K562	1614	0.39818	0.3539	0.2882	0.27045	1614	0.40542	0.40508
rc10_cluster5	SND1_HepG2	1509	0.53012	0.48956	0.35024	0.33541	1509	0.52775	0.52782
rc10_cluster5	SND1_K562	3187	0.45344	0.43741	0.30232	0.29603	3187	0.45368	0.45361
rc10_cluster5	SRSF1_HepG2	4502	0.46771	0.46712	0.31331	0.31179	4502	0.47073	0.47073
rc10_cluster5	SRSF1_K562	2527	0.42197	0.41597	0.29257	0.28886	2527	0.42507	0.42432
rc10_cluster5	SRSF7_HepG2	902	0.44799	0.32197	0.27587	0.23475	902	0.45202	0.45113
rc10_cluster5	SRSF7_K562	1213	0.43569	0.31693	0.29068	0.25526	1213	0.43997	0.43879
rc10_cluster5	SRSF9_HepG2	1864	0.43726	0.428	0.28913	0.28281	1864	0.44282	0.4428
rc10_cluster5	SSB_HepG2	1993	0.37467	0.34455	0.2754	0.25705	1993	0.37842	0.37845
rc10_cluster5	SSB_K562	65	0.2546	0.21796	0.21062	0.19437	65	0.27739	0.26788
rc10_cluster5	STAU2_HepG2	7622	0.47949	0.46775	0.30406	0.29786	7622	0.48513	0.48509
rc10_cluster5	SUB1_HepG2	447	0.36824	0.3179	0.27461	0.24904	447	0.37205	0.37158
rc10_cluster5	SUGP2_HepG2	14378	0.45718	0.4542	0.3382	0.33699	14378	0.46346	0.46346
rc10_cluster5	SUPV3L1_HepG2	380	0.36146	0.32907	0.25943	0.24293	380	0.36925	0.36971
rc10_cluster5	TAF15_HepG2	7936	0.38416	0.40664	0.30394	0.31158	7936	0.41403	0.41403
rc10_cluster5	TAF15_K562	2077	0.39486	0.38176	0.28701	0.28183	2077	0.39982	0.39952
rc10_cluster5	TARDBP_K562	1872	0.6205	0.62986	0.31659	0.31589	1872	0.62896	0.62899
rc10_cluster5	TBRG4_HepG2	80	0.22309	0.164	0.17402	0.13468	80	0.21638	0.2168
rc10_cluster5	TBRG4_K562	398	0.3672	0.32242	0.25554	0.23863	398	0.37225	0.37161
rc10_cluster5	TIA1_HepG2	4541	0.50577	0.50582	0.29499	0.29459	4541	0.51515	0.5151
rc10_cluster5	TIA1_K562	7234	0.46636	0.46455	0.30135	0.3013	7234	0.4763	0.47634
rc10_cluster5	TIAL1_HepG2	1932	0.48056	0.47199	0.28284	0.27816	1932	0.49016	0.49024
rc10_cluster5	TRA2A_HepG2	471	0.41341	0.3616	0.28258	0.2635	471	0.41269	0.41041
rc10_cluster5	TRA2A_K562	1556	0.45067	0.37334	0.30571	0.27772	1556	0.45564	0.45509
rc10_cluster5	TROVE2_HepG2	1868	0.42266	0.40121	0.27998	0.2684	1868	0.42537	0.42533
rc10_cluster5	TROVE2_K562	1224	0.42936	0.40303	0.27066	0.25773	1224	0.43284	0.43301
rc10_cluster5	U2AF1_HepG2	6089	0.47366	0.46789	0.29619	0.29248	6089	0.47993	0.47987
rc10_cluster5	U2AF1_K562	1826	0.54565	0.52405	0.27471	0.26655	1826	0.55433	0.55442
rc10_cluster5	U2AF2_HepG2	6830	0.50951	0.51326	0.28748	0.28564	6830	0.51759	0.51757
rc10_cluster5	U2AF2_K562	7725	0.57618	0.57052	0.30633	0.30302	7725	0.58538	0.58539
rc10_cluster5	UCHL5_HepG2	9203	0.48126	0.47677	0.34368	0.34154	9203	0.48254	0.48262
rc10_cluster5	UCHL5_K562	6824	0.47818	0.47015	0.34169	0.33853	6824	0.47949	0.47944
rc10_cluster5	UPF1_HepG2	892	0.42268	0.33638	0.31568	0.26149	892	0.42836	0.42841
rc10_cluster5	UPF1_K562	1470	0.44872	0.39746	0.32151	0.29604	1470	0.45384	0.45382
rc10_cluster5	UTP18_HepG2	214	0.36156	0.27549	0.27033	0.21831	214	0.35958	0.35155
rc10_cluster5	UTP18_K562	87	0.30355	0.25323	0.23709	0.2124	87	0.30914	0.29456
rc10_cluster5	UTP3_K562	194	0.1473	0.11659	0.1238	0.1065	194	0.14769	0.14746
rc10_cluster5	WDR3_K562	31	0.28482	0.21284	0.20445	0.18857	31	0.28012	0.27786
rc10_cluster5	WDR43_HepG2	377	0.36187	0.29445	0.2728	0.23147	377	0.36353	0.36146
rc10_cluster5	WDR43_K562	164	0.32223	0.27817	0.23855	0.21813	164	0.32488	0.32276
rc10_cluster5	WRN_K562	129	0.36332	0.31193	0.23988	0.21656	129	0.36113	0.35864
rc10_cluster5	XPO5_HepG2	987	0.30965	0.29437	0.23944	0.23103	987	0.32044	0.32075
rc10_cluster5	XRCC6_HepG2	847	0.36206	0.33438	0.24839	0.23474	847	0.36194	0.36103
rc10_cluster5	XRCC6_K562	1739	0.44243	0.4182	0.2744	0.26488	1739	0.44644	0.44618
rc10_cluster5	XRN2_HepG2	3389	0.41569	0.42558	0.28754	0.28983	3389	0.42296	0.42299
rc10_cluster5	XRN2_K562	987	0.39392	0.37248	0.26841	0.26094	987	0.39627	0.39613
rc10_cluster5	YBX3_HepG2	5334	0.46842	0.2842	0.34577	0.26185	5334	0.47076	0.47087
rc10_cluster5	YBX3_K562	6848	0.54361	0.53467	0.36593	0.36288	6848	0.5434	0.54339
rc10_cluster5	YWHAG_K562	608	0.39298	0.34508	0.27522	0.25707	608	0.39659	0.39472
rc10_cluster5	ZC3H11A_HepG2	4885	0.38132	0.36504	0.29487	0.28542	4885	0.38791	0.38795
rc10_cluster5	ZC3H11A_K562	621	0.38305	0.33224	0.27482	0.25244	621	0.38291	0.38286
rc10_cluster5	ZC3H8_K562	62	0.27455	0.20461	0.22451	0.19357	62	0.2898	0.28873
rc10_cluster5	ZNF622_K562	5834	0.50662	0.50368	0.36268	0.36184	5834	0.50755	0.50758
rc10_cluster5	ZNF800_HepG2	1816	0.46992	0.44643	0.32289	0.31275	1816	0.46786	0.46587
rc10_cluster5	ZNF800_K562	937	0.42847	0.39227	0.32055	0.30612	937	0.43463	0.42949
rc10_cluster5	ZRANB2_K562	316	0.33205	0.31358	0.24774	0.23431	316	0.34149	0.34189
rc10_peak	AARS_K562	1908	0.19603	0.17965	0.14676	0.14009	1908	0.19967	0.19962
rc10_peak	AATF_K562	1980	0.25331	0.23541	0.16657	0.16011	1980	0.25903	0.25609
rc10_peak	ABCF1_K562	673	0.20393	0.14797	0.1596	0.12537	673	0.20645	0.20023
rc10_peak	AGGF1_HepG2	17332	0.27374	0.2384	0.2006	0.18484	17332	0.27885	0.27891
rc10_peak	AGGF1_K562	14351	0.26801	0.25699	0.19332	0.18802	14351	0.27201	0.27204
rc10_peak	AKAP1_HepG2	4553	0.2393	0.20547	0.18178	0.16435	4553	0.24158	0.24151
rc10_peak	AKAP1_K562	2247	0.17832	0.15595	0.13765	0.12341	2247	0.18156	0.18042
rc10_peak	AKAP8L_K562	11508	0.23928	0.2276	0.1722	0.16664	11508	0.24293	0.24278
rc10_peak	APOBEC3C_K562	2942	0.27468	0.22882	0.18905	0.17064	2942	0.27767	0.27663
rc10_peak	AQR_HepG2	7253	0.43386	0.37828	0.22978	0.19898	7253	0.44095	0.44089
rc10_peak	AQR_K562	9127	0.5022	0.50302	0.18994	0.18717	9127	0.50835	0.50844
rc10_peak	BCCIP_HepG2	6984	0.33475	0.32242	0.2135	0.20827	6984	0.34512	0.34412
rc10_peak	BCLAF1_HepG2	13098	0.35641	0.4158	0.27098	0.28574	13098	0.42127	0.42134
rc10_peak	BUD13_HepG2	11717	0.32907	0.31922	0.23774	0.23359	11717	0.33158	0.33161
rc10_peak	BUD13_K562	16749	0.36112	0.35307	0.25346	0.24992	16749	0.36507	0.36511
rc10_peak	CDC40_HepG2	16308	0.21497	0.20452	0.16399	0.15908	16308	0.21946	0.21932
rc10_peak	CPEB4_K562	1428	0.17035	0.15336	0.13195	0.12268	1428	0.17471	0.17434
rc10_peak	CPSF6_K562	5700	0.24904	0.23154	0.18115	0.17378	5700	0.25493	0.25475
rc10_peak	CSTF2T_HepG2	16823	0.2828	0.27792	0.21233	0.21067	16823	0.28859	0.28876
rc10_peak	CSTF2T_K562	13693	0.2538	0.25199	0.19352	0.19063	13693	0.25831	0.25842
rc10_peak	CSTF2_HepG2	34374	0.20708	0.17869	0.17721	0.16968	34374	0.20401	0.20413
rc10_peak	DDX21_K562	2431	0.2009	0.15847	0.15666	0.13312	2431	0.20559	0.20555
rc10_peak	DDX24_K562	5583	0.34994	0.32971	0.2397	0.23103	5583	0.35018	0.34988
rc10_peak	DDX3X_HepG2	3498	0.26324	0.23844	0.19574	0.18374	3498	0.27474	0.27469
rc10_peak	DDX3X_K562	3828	0.30033	0.26576	0.2116	0.19883	3828	0.30722	0.30719
rc10_peak	DDX42_K562	3703	0.28224	0.26924	0.18554	0.18109	3703	0.28665	0.28594
rc10_peak	DDX51_K562	2490	0.19929	0.17968	0.15137	0.14289	2490	0.20245	0.20086
rc10_peak	DDX52_HepG2	14354	0.267	0.25502	0.18863	0.18338	14354	0.2721	0.272
rc10_peak	DDX52_K562	4487	0.24762	0.2341	0.16579	0.15738	4487	0.25164	0.25142
rc10_peak	DDX55_HepG2	4594	0.25153	0.22262	0.18497	0.17123	4594	0.25444	0.25428
rc10_peak	DDX55_K562	4947	0.28223	0.26069	0.1923	0.18287	4947	0.28655	0.28614
rc10_peak	DDX59_HepG2	9394	0.22523	0.21035	0.16796	0.16025	9394	0.22821	0.22808
rc10_peak	DDX6_HepG2	2356	0.19897	0.17021	0.15702	0.14158	2356	0.20257	0.20205
rc10_peak	DDX6_K562	6475	0.2516	0.23171	0.1799	0.17167	6475	0.25675	0.25668
rc10_peak	DGCR8_HepG2	16553	0.255	0.24527	0.19307	0.18811	16553	0.2612	0.26104
rc10_peak	DGCR8_K562	3570	0.21919	0.2028	0.16877	0.16263	3570	0.22657	0.2282
rc10_peak	DHX30_HepG2	6485	0.22272	0.20677	0.16683	0.15888	6485	0.22604	0.22576
rc10_peak	DHX30_K562	3725	0.19929	0.18249	0.15269	0.14351	3725	0.20505	0.20483
rc10_peak	DKC1_HepG2	2146	0.27522	0.20407	0.1921	0.1589	2146	0.27835	0.27858
rc10_peak	DROSHA_HepG2	29778	0.20464	0.19947	0.16238	0.15977	29778	0.20924	0.2092
rc10_peak	DROSHA_K562	10265	0.27774	0.26969	0.17972	0.17627	10265	0.2827	0.28273
rc10_peak	EFTUD2_HepG2	8945	0.23404	0.22167	0.18398	0.17824	8945	0.2383	0.23828
rc10_peak	EFTUD2_K562	7115	0.24881	0.23621	0.17999	0.17396	7115	0.25387	0.25377
rc10_peak	EIF3D_HepG2	31653	0.27433	0.26897	0.20133	0.19875	31653	0.27958	0.2796
rc10_peak	EIF3G_K562	1535	0.24716	0.21246	0.16692	0.15073	1535	0.25146	0.25115
rc10_peak	EIF3H_HepG2	6367	0.27244	0.27463	0.19951	0.19707	6367	0.29092	0.291
rc10_peak	EIF4G2_K562	3382	0.28313	0.26456	0.19605	0.1884	3382	0.28846	0.28736
rc10_peak	EWSR1_K562	5669	0.26407	0.25613	0.19935	0.19595	5669	0.26778	0.26704
rc10_peak	EXOSC5_HepG2	1590	0.23149	0.17554	0.17659	0.14713	1590	0.2373	0.23559
rc10_peak	EXOSC5_K562	9605	0.34484	0.33182	0.22612	0.21971	9605	0.35699	0.35701
rc10_peak	FAM120A_HepG2	9764	0.34423	0.33473	0.23539	0.23179	9764	0.3489	0.34888
rc10_peak	FAM120A_K562	5774	0.26207	0.2343	0.20346	0.19056	5774	0.26605	0.26597
rc10_peak	FASTKD2_HepG2	12301	0.28607	0.27201	0.20684	0.20076	12301	0.28955	0.28939
rc10_peak	FASTKD2_K562	4385	0.24875	0.2314	0.17468	0.16659	4385	0.25331	0.25313
rc10_peak	FKBP4_HepG2	3199	0.25392	0.23299	0.17852	0.1709	3199	0.25642	0.25493
rc10_peak	FMR1_K562	3396	0.41038	0.3911	0.26161	0.25226	3396	0.41727	0.41728
rc10_peak	FTO_HepG2	1905	0.27895	0.21369	0.19909	0.16766	1905	0.27906	0.27454
rc10_peak	FTO_K562	8535	0.26538	0.25165	0.17556	0.16874	8535	0.27106	0.27088
rc10_peak	FUBP3_HepG2	4969	0.26847	0.25601	0.18614	0.18167	4969	0.27679	0.27596
rc10_peak	FUS_HepG2	24826	0.27634	0.27457	0.20741	0.20599	24826	0.28114	0.28116
rc10_peak	FUS_K562	20268	0.24114	0.24054	0.18978	0.1894	20268	0.24602	0.24589
rc10_peak	FXR1_K562	11962	0.32333	0.32202	0.21846	0.2181	11962	0.33025	0.3301
rc10_peak	FXR2_HepG2	4482	0.31006	0.28874	0.23	0.21966	4482	0.30782	0.30791
rc10_peak	FXR2_K562	4060	0.40662	0.38939	0.26111	0.25527	4060	0.40922	0.40861
rc10_peak	G3BP1_HepG2	6022	0.3549	0.34488	0.25753	0.25374	6022	0.35557	0.35551
rc10_peak	GEMIN5_K562	5443	0.21137	0.19129	0.15845	0.14998	5443	0.21591	0.21489
rc10_peak	GNL3_K562	1524	0.24658	0.20679	0.17167	0.15704	1524	0.2488	0.24748
rc10_peak	GPKOW_K562	7122	0.29768	0.28539	0.18681	0.18074	7122	0.30542	0.30537
rc10_peak	GRSF1_HepG2	3112	0.21662	0.19267	0.16855	0.15647	3112	0.22538	0.2249
rc10_peak	GRWD1_HepG2	17412	0.39655	0.39035	0.2844	0.2824	17412	0.4001	0.40018
rc10_peak	GRWD1_K562	9409	0.38822	0.38144	0.27571	0.27284	9409	0.3914	0.39146
rc10_peak	GTF2F1_HepG2	9796	0.26126	0.24838	0.19265	0.18578	9796	0.27056	0.27056
rc10_peak	GTF2F1_K562	6783	0.26969	0.25491	0.18789	0.18136	6783	0.27411	0.27402
rc10_peak	HLTF_HepG2	26550	0.28124	0.27661	0.20759	0.20521	26550	0.28503	0.28506
rc10_peak	HLTF_K562	12636	0.29559	0.28596	0.21665	0.21234	12636	0.3055	0.30541
rc10_peak	HNRNPA1_HepG2	44872	0.35669	0.36667	0.2264	0.22888	44872	0.36338	0.36346
rc10_peak	HNRNPA1_K562	21210	0.31574	0.32339	0.20309	0.20463	21210	0.32784	0.32784
rc10_peak	HNRNPC_HepG2	53150	0.48013	0.48321	0.24636	0.24717	53150	0.48613	0.4861
rc10_peak	HNRNPC_K562	18629	0.46238	0.4646	0.24427	0.24545	18629	0.46818	0.4682
rc10_peak	HNRNPK_HepG2	10530	0.34698	0.35714	0.22201	0.2234	10530	0.35374	0.35375
rc10_peak	HNRNPK_K562	5553	0.28648	0.29064	0.20107	0.20046	5553	0.29505	0.2952
rc10_peak	HNRNPL_HepG2	34737	0.29165	0.29083	0.20564	0.20517	34737	0.29874	0.29872
rc10_peak	HNRNPL_K562	34146	0.32118	0.32501	0.22127	0.22173	34146	0.32841	0.32838
rc10_peak	HNRNPM_HepG2	15936	0.3442	0.34982	0.23904	0.2401	15936	0.3518	0.35177
rc10_peak	HNRNPM_K562	9441	0.35603	0.35652	0.23003	0.22833	9441	0.36438	0.36474
rc10_peak	HNRNPUL1_HepG2	23608	0.19926	0.19063	0.17298	0.16818	23608	0.19624	0.19634
rc10_peak	HNRNPUL1_K562	11414	0.22516	0.2219	0.17168	0.1701	11414	0.22647	0.22648
rc10_peak	HNRNPU_HepG2	29191	0.22552	0.21788	0.18769	0.18416	29191	0.22421	0.22399
rc10_peak	HNRNPU_K562	54155	0.30618	0.28948	0.2282	0.22122	54155	0.31474	0.31462
rc10_peak	IGF2BP1_HepG2	6252	0.35474	0.3344	0.23889	0.23161	6252	0.35993	0.36012
rc10_peak	IGF2BP1_K562	5739	0.36836	0.35176	0.2575	0.25046	5739	0.3733	0.37339
rc10_peak	IGF2BP2_K562	5337	0.37474	0.35522	0.24699	0.23915	5337	0.37923	0.37923
rc10_peak	IGF2BP3_HepG2	7812	0.34713	0.33561	0.23887	0.23413	7812	0.3522	0.35248
rc10_peak	ILF3_HepG2	19598	0.3017	0.31958	0.21202	0.21586	19598	0.32466	0.32468
rc10_peak	ILF3_K562	23530	0.30527	0.30196	0.2039	0.20195	23530	0.3101	0.31004
rc10_peak	KHDRBS1_K562	38660	0.35179	0.35709	0.22878	0.22894	38660	0.35843	0.35835
rc10_peak	KHSRP_HepG2	32163	0.28917	0.28818	0.21096	0.20983	32163	0.29465	0.29459
rc10_peak	KHSRP_K562	38437	0.38289	0.38372	0.27166	0.27181	38437	0.38954	0.38955
rc10_peak	LARP4_HepG2	13988	0.24435	0.23008	0.17855	0.17203	13988	0.25197	0.25199
rc10_peak	LARP4_K562	6065	0.24155	0.22692	0.1721	0.16521	6065	0.24843	0.2483
rc10_peak	LARP7_HepG2	229	0.19604	0.1292	0.15693	0.12001	229	0.19334	0.18605
rc10_peak	LARP7_K562	397	0.20793	0.16898	0.15576	0.13749	397	0.20676	0.2054
rc10_peak	LIN28B_HepG2	5085	0.31434	0.29172	0.21692	0.20629	5085	0.31282	0.31251
rc10_peak	LIN28B_K562	7459	0.3137	0.30222	0.20831	0.20121	7459	0.31692	0.31676
rc10_peak	LSM11_HepG2	13905	0.28132	0.27025	0.20463	0.19941	13905	0.28517	0.28518
rc10_peak	LSM11_K562	8797	0.27547	0.26028	0.19007	0.18365	8797	0.28005	0.28
rc10_peak	MATR3_HepG2	20372	0.26539	0.26396	0.20021	0.19925	20372	0.27162	0.27154
rc10_peak	MATR3_K562	9057	0.30238	0.29722	0.21044	0.20848	9057	0.30843	0.30869
rc10_peak	METAP2_K562	6376	0.28404	0.26754	0.19898	0.19138	6376	0.29053	0.29008
rc10_peak	MTPAP_K562	15988	0.26507	0.25393	0.19097	0.18585	15988	0.26841	0.26832
rc10_peak	NCBP2_HepG2	10516	0.24523	0.23478	0.18161	0.17693	10516	0.25149	0.25109
rc10_peak	NCBP2_K562	3613	0.24092	0.20879	0.17373	0.15913	3613	0.24458	0.2439
rc10_peak	NIP7_HepG2	543	0.24556	0.15307	0.19643	0.14179	543	0.24704	0.22627
rc10_peak	NIPBL_K562	5454	0.24309	0.22689	0.17663	0.16936	5454	0.24694	0.24659
rc10_peak	NKRF_HepG2	20384	0.29476	0.28492	0.20363	0.19897	20384	0.29803	0.29793
rc10_peak	NOL12_HepG2	3096	0.27926	0.23064	0.19469	0.17348	3096	0.2813	0.27706
rc10_peak	NOLC1_HepG2	1767	0.26171	0.18484	0.19793	0.15424	1767	0.2646	0.26311
rc10_peak	NOLC1_K562	10597	0.26756	0.24611	0.19026	0.18016	10597	0.27351	0.27325
rc10_peak	NONO_K562	16353	0.30298	0.30502	0.2248	0.22502	16353	0.30836	0.3084
rc10_peak	NPM1_K562	943	0.24825	0.20311	0.16761	0.14993	943	0.25169	0.24875
rc10_peak	NSUN2_K562	737	0.24902	0.21597	0.15481	0.14109	737	0.2413	0.24527
rc10_peak	PABPC4_K562	2648	0.32175	0.27827	0.22862	0.20947	2648	0.32528	0.3251
rc10_peak	PABPN1_HepG2	6809	0.27236	0.25447	0.2024	0.19402	6809	0.27653	0.27641
rc10_peak	PCBP1_HepG2	1228	0.2469	0.18308	0.18777	0.14734	1228	0.24953	0.2437
rc10_peak	PCBP1_K562	1340	0.24647	0.20462	0.1783	0.15734	1340	0.24855	0.24291
rc10_peak	PCBP2_HepG2	9332	0.33115	0.32856	0.22322	0.22159	9332	0.33517	0.33516
rc10_peak	PHF6_K562	1567	0.20649	0.17415	0.15621	0.13879	1567	0.21118	0.20501
rc10_peak	POLR2G_HepG2	12558	0.29239	0.28179	0.18315	0.17837	12558	0.29702	0.2966
rc10_peak	PPIG_HepG2	10845	0.42731	0.42477	0.28878	0.28796	10845	0.42963	0.42971
rc10_peak	PPIL4_K562	18874	0.29269	0.27245	0.19964	0.19087	18874	0.29691	0.29671
rc10_peak	PRPF4_HepG2	10258	0.34895	0.34554	0.24861	0.24672	10258	0.3523	0.35052
rc10_peak	PRPF8_HepG2	10029	0.48816	0.49141	0.26312	0.26121	10029	0.49295	0.49297
rc10_peak	PRPF8_K562	12763	0.37003	0.36757	0.24284	0.24125	12763	0.37689	0.37692
rc10_peak	PTBP1_HepG2	16657	0.31572	0.30125	0.21604	0.20905	16657	0.32271	0.32255
rc10_peak	PTBP1_K562	7278	0.33513	0.31605	0.21245	0.20334	7278	0.34147	0.34144
rc10_peak	PUM1_K562	4064	0.32235	0.31002	0.22516	0.21957	4064	0.32422	0.32322
rc10_peak	PUM2_K562	3988	0.25237	0.26163	0.17855	0.18206	3988	0.26759	0.26727
rc10_peak	PUS1_K562	1655	0.24401	0.21764	0.16301	0.15133	1655	0.24758	0.24508
rc10_peak	QKI_HepG2	20317	0.31731	0.3244	0.21008	0.21088	20317	0.3258	0.32582
rc10_peak	QKI_K562	4545	0.25106	0.2532	0.17021	0.16881	4545	0.26067	0.26065
rc10_peak	RBFOX2_HepG2	9806	0.3507	0.35167	0.21818	0.21771	9806	0.35756	0.35747
rc10_peak	RBFOX2_K562	22788	0.27986	0.27649	0.19499	0.19336	22788	0.28602	0.28602
rc10_peak	RBM15_HepG2	8526	0.25631	0.24855	0.18256	0.17862	8526	0.25936	0.25944
rc10_peak	RBM15_K562	9833	0.37984	0.37058	0.22975	0.22516	9833	0.38378	0.38383
rc10_peak	RBM22_HepG2	11332	0.25916	0.25692	0.18606	0.18327	11332	0.26663	0.26657
rc10_peak	RBM22_K562	2512	0.3889	0.39299	0.16444	0.15872	2512	0.39801	0.39786
rc10_peak	RBM5_HepG2	19413	0.2741	0.26994	0.19213	0.19025	19413	0.27935	0.27933
rc10_peak	RPS11_K562	446	0.23255	0.1689	0.16808	0.13747	446	0.22907	0.21142
rc10_peak	RPS3_HepG2	2711	0.33064	0.28919	0.23629	0.21698	2711	0.33596	0.33287
rc10_peak	RPS3_K562	2603	0.2811	0.23204	0.19855	0.17593	2603	0.28287	0.28276
rc10_peak	SAFB2_K562	34076	0.25017	0.24175	0.194	0.18966	34076	0.25258	0.25253
rc10_peak	SAFB_HepG2	31857	0.27178	0.26151	0.19657	0.19231	31857	0.27578	0.27576
rc10_peak	SAFB_K562	28061	0.31209	0.30365	0.20828	0.20444	28061	0.3143	0.31424
rc10_peak	SBDS_K562	237	0.27964	0.19063	0.18391	0.15181	237	0.28216	0.2711
rc10_peak	SDAD1_HepG2	2386	0.28712	0.23868	0.20492	0.1813	2386	0.28819	0.2832
rc10_peak	SDAD1_K562	526	0.17809	0.13509	0.14278	0.12063	526	0.18002	0.17302
rc10_peak	SERBP1_K562	71	0.17982	0.13814	0.1445	0.11962	71	0.19181	0.15434
rc10_peak	SF3A3_HepG2	3984	0.2726	0.26362	0.18941	0.18185	3984	0.27705	0.2773
rc10_peak	SF3B1_K562	603	0.17148	0.16113	0.12409	0.11936	603	0.17505	0.17471
rc10_peak	SF3B4_HepG2	3738	0.40616	0.41524	0.24213	0.24163	3738	0.41628	0.4162
rc10_peak	SF3B4_K562	7004	0.359	0.35971	0.21532	0.21279	7004	0.36762	0.3676
rc10_peak	SFPQ_HepG2	21301	0.22701	0.23643	0.18438	0.18657	21301	0.23383	0.23383
rc10_peak	SLBP_K562	85	0.16507	0.12943	0.12802	0.12288	85	0.17496	0.16801
rc10_peak	SLTM_HepG2	7452	0.26705	0.25842	0.19307	0.18983	7452	0.2706	0.27003
rc10_peak	SLTM_K562	6337	0.30316	0.2959	0.20877	0.20628	6337	0.30722	0.30669
rc10_peak	SMNDC1_HepG2	3223	0.22811	0.19013	0.17266	0.15614	3223	0.23137	0.23041
rc10_peak	SMNDC1_K562	7702	0.28294	0.25791	0.20078	0.19021	7702	0.28883	0.28891
rc10_peak	SND1_HepG2	3785	0.35353	0.32279	0.24015	0.2291	3785	0.36142	0.36155
rc10_peak	SND1_K562	16414	0.29094	0.28827	0.19428	0.19298	16414	0.30019	0.30027
rc10_peak	SRSF1_HepG2	11179	0.34912	0.35113	0.23621	0.23575	11179	0.35533	0.35529
rc10_peak	SRSF1_K562	10835	0.28661	0.28448	0.20031	0.19773	10835	0.29325	0.29263
rc10_peak	SRSF7_HepG2	4456	0.32237	0.22145	0.19452	0.16454	4456	0.32909	0.32885
rc10_peak	SRSF7_K562	5201	0.31274	0.21705	0.2061	0.17522	5201	0.31802	0.31725
rc10_peak	SRSF9_HepG2	7104	0.31423	0.30868	0.21201	0.20804	7104	0.32088	0.32128
rc10_peak	SSB_HepG2	8628	0.24109	0.22858	0.17505	0.16768	8628	0.2476	0.24764
rc10_peak	SSB_K562	273	0.15668	0.12176	0.1233	0.10233	273	0.16558	0.16735
rc10_peak	STAU2_HepG2	25538	0.346	0.34042	0.2196	0.21673	25538	0.35089	0.35087
rc10_peak	SUB1_HepG2	2189	0.22561	0.20481	0.17413	0.16338	2189	0.23219	0.23213
rc10_peak	SUGP2_HepG2	38997	0.33243	0.32975	0.24334	0.24219	38997	0.33696	0.33696
rc10_peak	SUPV3L1_HepG2	4545	0.21484	0.19508	0.15566	0.14775	4545	0.22009	0.21991
rc10_peak	SUPV3L1_K562	121	0.17669	0.15989	0.1413	0.13195	121	0.1807	0.18058
rc10_peak	TAF15_HepG2	39119	0.26628	0.28232	0.20774	0.2129	39119	0.28732	0.28731
rc10_peak	TAF15_K562	16678	0.26548	0.25913	0.18948	0.18687	16678	0.2701	0.26971
rc10_peak	TARDBP_K562	2786	0.48356	0.49131	0.25611	0.25463	2786	0.49133	0.49141
rc10_peak	TBRG4_HepG2	1145	0.12283	0.1078	0.10017	0.091745	1145	0.12438	0.12407
rc10_peak	TBRG4_K562	5872	0.22502	0.21063	0.16006	0.15319	5872	0.22988	0.22961
rc10_peak	TIA1_HepG2	17346	0.36271	0.36729	0.22087	0.22135	17346	0.37278	0.37275
rc10_peak	TIA1_K562	25501	0.33859	0.34197	0.22187	0.22283	25501	0.34828	0.34829
rc10_peak	TIAL1_HepG2	7949	0.32495	0.31986	0.20271	0.20012	7949	0.3343	0.3343
rc10_peak	TRA2A_HepG2	2580	0.27921	0.24129	0.19528	0.1797	2580	0.28219	0.27992
rc10_peak	TRA2A_K562	4884	0.32496	0.26605	0.22145	0.19994	4884	0.32948	0.3289
rc10_peak	TROVE2_HepG2	15026	0.28996	0.28008	0.19153	0.18714	15026	0.29474	0.29463
rc10_peak	TROVE2_K562	11967	0.29268	0.28442	0.18498	0.18016	11967	0.29873	0.29866
rc10_peak	U2AF1_HepG2	19698	0.35009	0.34603	0.22062	0.218	19698	0.35606	0.35602
rc10_peak	U2AF1_K562	5766	0.39636	0.37849	0.21578	0.20919	5766	0.40543	0.40535
rc10_peak	U2AF2_HepG2	20464	0.36541	0.36824	0.2136	0.21264	20464	0.37302	0.37298
rc10_peak	U2AF2_K562	16504	0.45305	0.44864	0.24584	0.24316	16504	0.46274	0.46269
rc10_peak	UCHL5_HepG2	20671	0.34596	0.34165	0.24711	0.24508	20671	0.35004	0.35009
rc10_peak	UCHL5_K562	17585	0.33317	0.32757	0.23725	0.23494	17585	0.33822	0.3382
rc10_peak	UPF1_HepG2	1970	0.29418	0.23716	0.22305	0.1893	1970	0.29678	0.29666
rc10_peak	UPF1_K562	5290	0.2936	0.26346	0.20689	0.19301	5290	0.29714	0.29707
rc10_peak	UTP18_HepG2	2046	0.20904	0.17317	0.15868	0.13937	2046	0.21329	0.20869
rc10_peak	UTP18_K562	1154	0.19638	0.16009	0.15003	0.1328	1154	0.20409	0.19742
rc10_peak	UTP3_K562	811	0.12354	0.10217	0.10188	0.090255	811	0.12783	0.12778
rc10_peak	WDR3_K562	485	0.17563	0.15704	0.12919	0.12249	485	0.18407	0.18152
rc10_peak	WDR43_HepG2	2767	0.22931	0.18814	0.17207	0.14934	2767	0.23133	0.22995
rc10_peak	WDR43_K562	1919	0.20028	0.16758	0.15096	0.13567	1919	0.20399	0.20276
rc10_peak	WRN_K562	1621	0.22254	0.20669	0.15289	0.14712	1621	0.2252	0.225
rc10_peak	XPO5_HepG2	8321	0.1994	0.19432	0.15677	0.15335	8321	0.20705	0.20735
rc10_peak	XRCC6_HepG2	7233	0.23939	0.22378	0.17025	0.16322	7233	0.24064	0.24025
rc10_peak	XRCC6_K562	11150	0.31096	0.29883	0.1936	0.18806	11150	0.3157	0.31557
rc10_peak	XRN2_HepG2	14249	0.30768	0.31676	0.21327	0.21552	14249	0.31483	0.3148
rc10_peak	XRN2_K562	5386	0.2845	0.27002	0.194	0.1893	5386	0.28897	0.28884
rc10_peak	YBX3_HepG2	8855	0.35897	0.20949	0.26567	0.19564	8855	0.36263	0.36274
rc10_peak	YBX3_K562	10469	0.45955	0.44984	0.30021	0.29627	10469	0.46041	0.46046
rc10_peak	YWHAG_K562	4008	0.26207	0.23124	0.184	0.17237	4008	0.26506	0.26366
rc10_peak	ZC3H11A_HepG2	29233	0.24278	0.2391	0.18933	0.18699	29233	0.24952	0.24955
rc10_peak	ZC3H11A_K562	6005	0.21836	0.20395	0.16548	0.15774	6005	0.22358	0.22356
rc10_peak	ZC3H8_K562	914	0.16066	0.13814	0.13115	0.11992	914	0.16584	0.16559
rc10_peak	ZNF622_K562	11514	0.38003	0.37569	0.2705	0.26886	11514	0.38321	0.38321
rc10_peak	ZNF800_HepG2	5839	0.33479	0.31422	0.22949	0.2208	5839	0.33515	0.33396
rc10_peak	ZNF800_K562	3062	0.2961	0.27074	0.22224	0.21013	3062	0.30233	0.29966
rc10_peak	ZRANB2_K562	2829	0.21598	0.20454	0.16195	0.15559	2829	0.22249	0.22238
orig_mask	AARS_K562	62	0.34002	0.29872	0.27371	0.24954	62	0.34704	0.34538
orig_mask	AATF_K562	44	0.35603	0.33533	0.27982	0.27692	44	0.36275	0.34742
orig_mask	AGGF1_HepG2	1498	0.47428	0.40113	0.36829	0.33077	1498	0.48201	0.48209
orig_mask	AGGF1_K562	1140	0.48665	0.46662	0.36855	0.35852	1140	0.4935	0.49359
orig_mask	AKAP1_HepG2	407	0.50027	0.40847	0.38555	0.33128	407	0.50238	0.50159
orig_mask	AKAP1_K562	110	0.40134	0.32523	0.31358	0.27463	110	0.41026	0.40623
orig_mask	AKAP8L_K562	591	0.41019	0.38754	0.30848	0.29722	591	0.41563	0.41545
orig_mask	APOBEC3C_K562	171	0.48688	0.3907	0.37185	0.33103	171	0.4857	0.4843
orig_mask	AQR_HepG2	1094	0.56933	0.49541	0.37055	0.31923	1094	0.5798	0.57979
orig_mask	AQR_K562	1325	0.64374	0.64403	0.29915	0.2937	1325	0.64698	0.64701
orig_mask	BCCIP_HepG2	465	0.49779	0.47633	0.36693	0.35547	465	0.51202	0.51112
orig_mask	BCLAF1_HepG2	4217	0.50677	0.59342	0.40485	0.42813	4217	0.59838	0.59848
orig_mask	BUD13_HepG2	2033	0.49056	0.48053	0.37826	0.37248	2033	0.49227	0.49233
orig_mask	BUD13_K562	4346	0.52364	0.51591	0.3979	0.39298	4346	0.52646	0.52651
orig_mask	CDC40_HepG2	1008	0.38096	0.35489	0.30289	0.28792	1008	0.38574	0.3856
orig_mask	CPEB4_K562	33	0.40753	0.3221	0.31588	0.26777	33	0.40653	0.40563
orig_mask	CPSF6_K562	231	0.45973	0.43213	0.35388	0.34309	231	0.46509	0.46537
orig_mask	CSTF2T_HepG2	3318	0.44626	0.43714	0.35644	0.35224	3318	0.45059	0.4508
orig_mask	CSTF2T_K562	1648	0.44062	0.42752	0.34364	0.33588	1648	0.44373	0.44385
orig_mask	CSTF2_HepG2	4189	0.34836	0.28524	0.30779	0.29017	4189	0.34324	0.34321
orig_mask	DDX21_K562	75	0.36937	0.29738	0.31027	0.26535	75	0.373	0.37253
orig_mask	DDX24_K562	740	0.50443	0.48103	0.37688	0.36376	740	0.50382	0.50351
orig_mask	DDX3X_HepG2	363	0.51743	0.45714	0.39554	0.35601	363	0.52549	0.5256
orig_mask	DDX3X_K562	401	0.52686	0.47048	0.3902	0.36447	401	0.53226	0.5326
orig_mask	DDX42_K562	95	0.50264	0.48003	0.35707	0.34492	95	0.50608	0.50648
orig_mask	DDX51_K562	78	0.3853	0.32249	0.28834	0.27015	78	0.38952	0.38538
orig_mask	DDX52_HepG2	763	0.46741	0.4244	0.34815	0.3265	763	0.46889	0.46859
orig_mask	DDX52_K562	131	0.43327	0.38863	0.32152	0.30247	131	0.43878	0.43912
orig_mask	DDX55_HepG2	428	0.44817	0.3822	0.34414	0.30705	428	0.44759	0.4474
orig_mask	DDX55_K562	355	0.50121	0.44283	0.36979	0.3409	355	0.49906	0.49758
orig_mask	DDX59_HepG2	482	0.4011	0.36642	0.32009	0.29703	482	0.40457	0.40422
orig_mask	DDX6_HepG2	162	0.40931	0.3318	0.32249	0.27341	162	0.4041	0.403
orig_mask	DDX6_K562	405	0.46811	0.4155	0.34851	0.32612	405	0.47178	0.47178
orig_mask	DGCR8_HepG2	963	0.44607	0.42282	0.35527	0.34178	963	0.45505	0.45465
orig_mask	DGCR8_K562	157	0.41446	0.37954	0.35704	0.33891	157	0.42491	0.42587
orig_mask	DHX30_HepG2	257	0.43558	0.36817	0.33806	0.29743	257	0.42749	0.42712
orig_mask	DHX30_K562	128	0.36551	0.32301	0.2964	0.27277	128	0.37456	0.37474
orig_mask	DKC1_HepG2	192	0.48398	0.36703	0.35955	0.28703	192	0.48635	0.48692
orig_mask	DROSHA_HepG2	2256	0.37826	0.36259	0.30489	0.29543	2256	0.38349	0.38348
orig_mask	DROSHA_K562	400	0.4738	0.45127	0.33278	0.32272	400	0.47814	0.4784
orig_mask	EFTUD2_HepG2	1377	0.37987	0.36121	0.30969	0.29907	1377	0.38678	0.38686
orig_mask	EFTUD2_K562	636	0.41703	0.39335	0.31139	0.30041	636	0.42514	0.42484
orig_mask	EIF3D_HepG2	3240	0.46712	0.4525	0.35686	0.34843	3240	0.4714	0.47144
orig_mask	EIF3G_K562	42	0.42577	0.34287	0.3004	0.26996	42	0.41691	0.41679
orig_mask	EIF3H_HepG2	738	0.43151	0.4358	0.33938	0.33313	738	0.45857	0.45933
orig_mask	EIF4G2_K562	260	0.51735	0.49034	0.38321	0.36879	260	0.52292	0.5229
orig_mask	EWSR1_K562	767	0.45613	0.44596	0.36217	0.35771	767	0.46306	0.46298
orig_mask	EXOSC5_HepG2	100	0.39788	0.3129	0.32452	0.26807	100	0.39677	0.39524
orig_mask	EXOSC5_K562	1595	0.52949	0.51763	0.37506	0.3664	1595	0.55698	0.55688
orig_mask	FAM120A_HepG2	1634	0.52283	0.51034	0.39833	0.39291	1634	0.5298	0.52969
orig_mask	FAM120A_K562	971	0.44344	0.40653	0.35825	0.33733	971	0.44879	0.44862
orig_mask	FASTKD2_HepG2	1303	0.48772	0.45842	0.36959	0.35566	1303	0.4908	0.49078
orig_mask	FASTKD2_K562	139	0.44761	0.39658	0.32629	0.30573	139	0.4467	0.44641
orig_mask	FKBP4_HepG2	119	0.42558	0.38015	0.33205	0.30749	119	0.43261	0.43124
orig_mask	FMR1_K562	765	0.56086	0.53399	0.39925	0.38175	765	0.56554	0.56554
orig_mask	FTO_HepG2	104	0.47848	0.37925	0.38192	0.3107	104	0.4689	0.46667
orig_mask	FTO_K562	227	0.44927	0.39615	0.32975	0.30083	227	0.45341	0.45375
orig_mask	FUBP3_HepG2	257	0.56702	0.52563	0.38952	0.3675	257	0.57045	0.56703
orig_mask	FUS_HepG2	2359	0.48006	0.46971	0.37032	0.36416	2359	0.48549	0.48556
orig_mask	FUS_K562	3765	0.39329	0.39175	0.31377	0.31207	3765	0.39992	0.39984
orig_mask	FXR1_K562	1618	0.53092	0.52317	0.39801	0.39704	1618	0.52624	0.52602
orig_mask	FXR2_HepG2	694	0.51883	0.48677	0.41041	0.39334	694	0.51411	0.51419
orig_mask	FXR2_K562	753	0.57356	0.55156	0.41578	0.40489	753	0.57632	0.5759
orig_mask	G3BP1_HepG2	1179	0.55389	0.54363	0.43535	0.4326	1179	0.55479	0.55474
orig_mask	GEMIN5_K562	175	0.42728	0.37677	0.32814	0.30237	175	0.42929	0.42793
orig_mask	GNL3_K562	41	0.42571	0.33436	0.30857	0.27521	41	0.42144	0.42282
orig_mask	GPKOW_K562	257	0.49099	0.46563	0.33593	0.32455	257	0.50212	0.50252
orig_mask	GRSF1_HepG2	218	0.40197	0.33539	0.33354	0.29059	218	0.41111	0.41014
orig_mask	GRWD1_HepG2	6021	0.57998	0.57259	0.43034	0.42726	6021	0.58127	0.58139
orig_mask	GRWD1_K562	2721	0.55871	0.55007	0.41648	0.41318	2721	0.5617	0.56185
orig_mask	GTF2F1_HepG2	594	0.47004	0.43945	0.36081	0.34179	594	0.48467	0.48471
orig_mask	GTF2F1_K562	413	0.4929	0.46909	0.35148	0.33919	413	0.49875	0.49884
orig_mask	HLTF_HepG2	4050	0.47199	0.46455	0.36031	0.35554	4050	0.47644	0.47653
orig_mask	HLTF_K562	2101	0.51722	0.50756	0.39656	0.39181	2101	0.52238	0.52264
orig_mask	HNRNPA1_HepG2	4407	0.55807	0.57381	0.38358	0.38766	4407	0.56754	0.5677
orig_mask	HNRNPA1_K562	887	0.52148	0.5309	0.36375	0.36471	887	0.53991	0.53991
orig_mask	HNRNPC_HepG2	7912	0.69191	0.69659	0.38222	0.3835	7912	0.69966	0.69965
orig_mask	HNRNPC_K562	6659	0.55882	0.55872	0.31753	0.31781	6659	0.56494	0.56496
orig_mask	HNRNPK_HepG2	932	0.57501	0.5889	0.39533	0.39714	932	0.58535	0.5854
orig_mask	HNRNPK_K562	319	0.49856	0.50401	0.37203	0.36749	319	0.50993	0.51009
orig_mask	HNRNPL_HepG2	4008	0.52449	0.52242	0.3776	0.37588	4008	0.53492	0.5349
orig_mask	HNRNPL_K562	3981	0.5197	0.52573	0.3782	0.37873	3981	0.53123	0.53116
orig_mask	HNRNPM_HepG2	2203	0.53254	0.54033	0.39558	0.3974	2203	0.54116	0.54117
orig_mask	HNRNPM_K562	1209	0.55084	0.55464	0.38275	0.38123	1209	0.56584	0.56632
orig_mask	HNRNPUL1_HepG2	1116	0.3498	0.33289	0.31632	0.30717	1116	0.34534	0.34555
orig_mask	HNRNPUL1_K562	324	0.39722	0.38386	0.32253	0.31562	324	0.40043	0.40042
orig_mask	HNRNPU_HepG2	2704	0.37432	0.36324	0.32417	0.31861	2704	0.37198	0.37146
orig_mask	HNRNPU_K562	9242	0.46244	0.43613	0.36066	0.34822	9242	0.47483	0.4746
orig_mask	IGF2BP1_HepG2	906	0.55218	0.51757	0.40677	0.38858	906	0.55969	0.55981
orig_mask	IGF2BP1_K562	1309	0.5092	0.49256	0.39914	0.38938	1309	0.51629	0.51637
orig_mask	IGF2BP2_K562	946	0.54868	0.52119	0.40548	0.39021	946	0.5539	0.55394
orig_mask	IGF2BP3_HepG2	1226	0.51842	0.49324	0.39176	0.37944	1226	0.52349	0.52363
orig_mask	ILF3_HepG2	2152	0.48008	0.50997	0.3525	0.36049	2152	0.51665	0.51672
orig_mask	ILF3_K562	1734	0.50155	0.49423	0.35671	0.3513	1734	0.50924	0.50922
orig_mask	KHDRBS1_K562	4427	0.55879	0.56787	0.38955	0.3897	4427	0.5687	0.56882
orig_mask	KHSRP_HepG2	2985	0.49676	0.49274	0.37535	0.3719	2985	0.50511	0.5052
orig_mask	KHSRP_K562	10884	0.57126	0.57288	0.42305	0.42299	10884	0.57901	0.57903
orig_mask	LARP4_HepG2	1017	0.46556	0.41292	0.35772	0.32695	1017	0.46709	0.46692
orig_mask	LARP4_K562	285	0.40994	0.37437	0.31867	0.29927	285	0.41414	0.41358
orig_mask	LARP7_HepG2	38	0.3584	0.23139	0.29396	0.2169	38	0.34649	0.33258
orig_mask	LIN28B_HepG2	660	0.50437	0.47399	0.39329	0.37372	660	0.50021	0.49969
orig_mask	LIN28B_K562	903	0.46055	0.44369	0.3678	0.35084	903	0.46198	0.4618
orig_mask	LSM11_HepG2	1606	0.48115	0.46234	0.36885	0.35628	1606	0.48314	0.48318
orig_mask	LSM11_K562	458	0.45583	0.42376	0.33769	0.3272	458	0.46299	0.46288
orig_mask	MATR3_HepG2	2017	0.45524	0.45476	0.35438	0.35347	2017	0.46694	0.46684
orig_mask	MATR3_K562	876	0.50883	0.50261	0.37423	0.37259	876	0.52093	0.52145
orig_mask	METAP2_K562	528	0.48973	0.45528	0.35907	0.33887	528	0.4943	0.49401
orig_mask	MTPAP_K562	1448	0.44094	0.41919	0.34149	0.33078	1448	0.44222	0.44223
orig_mask	NCBP2_HepG2	680	0.41194	0.38678	0.3266	0.31315	680	0.41531	0.41512
orig_mask	NCBP2_K562	104	0.42289	0.36429	0.31491	0.29243	104	0.43725	0.43365
orig_mask	NIP7_HepG2	47	0.44252	0.31654	0.39106	0.29508	47	0.42974	0.3792
orig_mask	NIPBL_K562	240	0.44171	0.41173	0.32797	0.31677	240	0.44922	0.44778
orig_mask	NKRF_HepG2	1851	0.46824	0.44778	0.35539	0.3442	1851	0.47209	0.47194
orig_mask	NOL12_HepG2	159	0.47595	0.39792	0.3676	0.31381	159	0.47451	0.46861
orig_mask	NOLC1_HepG2	202	0.46519	0.34174	0.37506	0.28886	202	0.47512	0.47143
orig_mask	NOLC1_K562	754	0.44855	0.40288	0.33824	0.31298	754	0.45375	0.45336
orig_mask	NONO_K562	1892	0.47394	0.47835	0.3755	0.37641	1892	0.4823	0.4823
orig_mask	NPM1_K562	20	0.35899	0.2607	0.27549	0.23529	20	0.34652	0.3456
orig_mask	PABPC4_K562	470	0.48481	0.41586	0.38171	0.34176	470	0.48981	0.48948
orig_mask	PABPN1_HepG2	764	0.5155	0.48093	0.40309	0.3865	764	0.51641	0.51685
orig_mask	PCBP1_HepG2	73	0.48209	0.32507	0.39231	0.27691	73	0.47706	0.46526
orig_mask	PCBP1_K562	74	0.45487	0.41616	0.34422	0.32967	74	0.45299	0.44454
orig_mask	PCBP2_HepG2	1102	0.58118	0.56493	0.40798	0.39987	1102	0.58697	0.58698
orig_mask	PHF6_K562	68	0.35307	0.30296	0.28101	0.25644	68	0.36961	0.35853
orig_mask	POLR2G_HepG2	350	0.51015	0.48622	0.34742	0.33044	350	0.51342	0.51322
orig_mask	PPIG_HepG2	3129	0.59011	0.59	0.426	0.42621	3129	0.59196	0.59203
orig_mask	PPIL4_K562	1562	0.47932	0.44651	0.35188	0.33405	1562	0.48575	0.48554
orig_mask	PRPF4_HepG2	2239	0.50503	0.49579	0.38371	0.3781	2239	0.50987	0.50845
orig_mask	PRPF8_HepG2	2476	0.64616	0.65241	0.38621	0.38415	2476	0.65034	0.65043
orig_mask	PRPF8_K562	2182	0.52988	0.52527	0.37162	0.36829	2182	0.53776	0.53785
orig_mask	PTBP1_HepG2	1786	0.58156	0.5612	0.3978	0.38576	1786	0.59012	0.58985
orig_mask	PTBP1_K562	625	0.60596	0.59698	0.39284	0.38489	625	0.61873	0.61851
orig_mask	PUM1_K562	507	0.51614	0.50057	0.38574	0.37981	507	0.51768	0.51735
orig_mask	PUM2_K562	351	0.48244	0.49799	0.34211	0.33968	351	0.48391	0.4823
orig_mask	PUS1_K562	38	0.43636	0.36191	0.31798	0.296	38	0.44594	0.44114
orig_mask	QKI_HepG2	2075	0.56999	0.58242	0.38341	0.38427	2075	0.58439	0.58437
orig_mask	QKI_K562	326	0.55137	0.56129	0.36433	0.36197	326	0.56503	0.56476
orig_mask	RBFOX2_HepG2	1100	0.5379	0.53438	0.37775	0.3757	1100	0.54556	0.5454
orig_mask	RBFOX2_K562	2247	0.45986	0.45235	0.33881	0.33422	2247	0.46888	0.46885
orig_mask	RBM15_HepG2	920	0.44685	0.43121	0.31809	0.30969	920	0.44936	0.44941
orig_mask	RBM15_K562	1738	0.57757	0.56779	0.36892	0.36295	1738	0.58247	0.58237
orig_mask	RBM22_HepG2	671	0.42846	0.42808	0.32418	0.3194	671	0.43965	0.43952
orig_mask	RBM22_K562	62	0.5321	0.5394	0.28591	0.28504	62	0.53765	0.53588
orig_mask	RBM5_HepG2	898	0.44569	0.43897	0.34737	0.34206	898	0.4542	0.45447
orig_mask	RPS3_HepG2	432	0.55103	0.49322	0.42462	0.38781	432	0.55752	0.55333
orig_mask	RPS3_K562	134	0.45632	0.38298	0.36339	0.31971	134	0.4536	0.4509
orig_mask	SAFB2_K562	4634	0.42687	0.41526	0.34347	0.33694	4634	0.43145	0.43142
orig_mask	SAFB_HepG2	3727	0.44778	0.42893	0.33934	0.33	3727	0.45415	0.45412
orig_mask	SAFB_K562	3142	0.50749	0.49071	0.35789	0.34903	3142	0.51094	0.51095
orig_mask	SDAD1_HepG2	163	0.48739	0.40427	0.37369	0.32246	163	0.48408	0.47726
orig_mask	SF3A3_HepG2	250	0.4226	0.42139	0.33155	0.31702	250	0.42733	0.42751
orig_mask	SF3B4_HepG2	657	0.53764	0.55281	0.36985	0.36932	657	0.54986	0.54974
orig_mask	SF3B4_K562	971	0.52248	0.51966	0.33795	0.33348	971	0.53102	0.53096
orig_mask	SFPQ_HepG2	1712	0.40429	0.42131	0.33384	0.33772	1712	0.41658	0.41665
orig_mask	SLTM_HepG2	493	0.46519	0.44469	0.35913	0.3496	493	0.46748	0.46792
orig_mask	SLTM_K562	544	0.46534	0.45854	0.35964	0.35641	544	0.4714	0.47084
orig_mask	SMNDC1_HepG2	137	0.36893	0.32498	0.31053	0.28934	137	0.37493	0.37489
orig_mask	SMNDC1_K562	656	0.43902	0.39576	0.3405	0.3206	656	0.44597	0.44571
orig_mask	SND1_HepG2	655	0.62859	0.58619	0.46106	0.44043	655	0.62309	0.62317
orig_mask	SND1_K562	1111	0.53117	0.50731	0.39128	0.38012	1111	0.52612	0.52595
orig_mask	SRSF1_HepG2	1800	0.51972	0.51908	0.38239	0.38004	1800	0.52351	0.52344
orig_mask	SRSF1_K562	792	0.4763	0.46921	0.3544	0.34993	792	0.48222	0.48224
orig_mask	SRSF7_HepG2	237	0.51629	0.35879	0.35214	0.29035	237	0.51975	0.51826
orig_mask	SRSF7_K562	267	0.50929	0.36465	0.37249	0.32307	267	0.51356	0.51246
orig_mask	SRSF9_HepG2	504	0.49776	0.48517	0.36893	0.35974	504	0.50238	0.50304
orig_mask	SSB_HepG2	662	0.43828	0.39974	0.34704	0.32088	662	0.44158	0.44182
orig_mask	SSB_K562	23	0.29238	0.30059	0.23703	0.25494	23	0.34881	0.32563
orig_mask	STAU2_HepG2	2965	0.53202	0.51997	0.36627	0.35887	2965	0.53876	0.53877
orig_mask	SUB1_HepG2	250	0.40791	0.34132	0.31951	0.28272	250	0.40862	0.4084
orig_mask	SUGP2_HepG2	7994	0.51039	0.50793	0.39295	0.39165	7994	0.51694	0.51693
orig_mask	SUPV3L1_HepG2	254	0.39251	0.35441	0.28432	0.26499	254	0.40212	0.40251
orig_mask	TAF15_HepG2	3235	0.45436	0.48268	0.36645	0.37676	3235	0.48965	0.48967
orig_mask	TAF15_K562	702	0.47304	0.45963	0.35191	0.34657	702	0.48	0.4794
orig_mask	TARDBP_K562	739	0.69654	0.71226	0.39013	0.39144	739	0.70703	0.70711
orig_mask	TBRG4_HepG2	37	0.31478	0.21184	0.25783	0.19218	37	0.30742	0.30659
orig_mask	TBRG4_K562	163	0.39296	0.3506	0.30475	0.28699	163	0.4013	0.40113
orig_mask	TIA1_HepG2	1230	0.58376	0.58316	0.37972	0.37822	1230	0.59588	0.59584
orig_mask	TIA1_K562	2758	0.52499	0.52402	0.36871	0.3685	2758	0.53669	0.53673
orig_mask	TIAL1_HepG2	527	0.56218	0.54206	0.36532	0.35569	527	0.57284	0.57295
orig_mask	TRA2A_HepG2	87	0.47341	0.41865	0.36391	0.33544	87	0.46502	0.46739
orig_mask	TRA2A_K562	475	0.52042	0.4477	0.38753	0.35771	475	0.52825	0.52796
orig_mask	TROVE2_HepG2	514	0.46944	0.44616	0.34871	0.33144	514	0.47372	0.47393
orig_mask	TROVE2_K562	283	0.46819	0.44129	0.33933	0.32	283	0.47583	0.47604
orig_mask	U2AF1_HepG2	1735	0.54661	0.53839	0.38059	0.37473	1735	0.55426	0.55415
orig_mask	U2AF1_K562	341	0.61941	0.58808	0.37292	0.35984	341	0.63078	0.6312
orig_mask	U2AF2_HepG2	1803	0.60122	0.60512	0.37554	0.37281	1803	0.61224	0.61217
orig_mask	U2AF2_K562	2457	0.66303	0.65628	0.39379	0.38898	2457	0.6725	0.67255
orig_mask	UCHL5_HepG2	4743	0.54228	0.53651	0.40519	0.40236	4743	0.54374	0.54385
orig_mask	UCHL5_K562	3994	0.52297	0.51386	0.39172	0.38753	3994	0.5255	0.52549
orig_mask	UPF1_HepG2	457	0.49844	0.40759	0.38987	0.32796	457	0.50409	0.50415
orig_mask	UPF1_K562	879	0.49575	0.4571	0.37218	0.34898	879	0.50286	0.50283
orig_mask	UTP18_HepG2	62	0.47551	0.33175	0.37148	0.27742	62	0.46058	0.44832
orig_mask	UTP18_K562	26	0.34716	0.31242	0.28938	0.2743	26	0.34946	0.33007
orig_mask	WDR43_HepG2	108	0.41381	0.32329	0.34352	0.27977	108	0.40981	0.40639
orig_mask	WDR43_K562	68	0.33984	0.29726	0.27018	0.25085	68	0.34248	0.33845
orig_mask	WRN_K562	30	0.3583	0.31057	0.28346	0.25853	30	0.36214	0.36333
orig_mask	XPO5_HepG2	480	0.32845	0.30561	0.27572	0.26384	480	0.33831	0.33834
orig_mask	XRCC6_HepG2	192	0.40512	0.36781	0.31745	0.29547	192	0.40268	0.40194
orig_mask	XRCC6_K562	471	0.47884	0.44985	0.34252	0.33028	471	0.48281	0.48247
orig_mask	XRN2_HepG2	862	0.47396	0.48754	0.36818	0.37259	862	0.48381	0.48386
orig_mask	XRN2_K562	234	0.44812	0.42423	0.34413	0.33245	234	0.4515	0.45178
orig_mask	YBX3_HepG2	2675	0.54194	0.32982	0.42292	0.31802	2675	0.54626	0.54633
orig_mask	YBX3_K562	4018	0.58941	0.57994	0.42632	0.42208	4018	0.59117	0.5912
orig_mask	YWHAG_K562	216	0.44329	0.40302	0.3298	0.31289	216	0.44609	0.44472
orig_mask	ZC3H11A_HepG2	2378	0.43148	0.41482	0.34399	0.33255	2378	0.43992	0.43999
orig_mask	ZC3H11A_K562	284	0.43176	0.38112	0.323	0.301	284	0.42938	0.42918
orig_mask	ZC3H8_K562	34	0.31942	0.24628	0.24947	0.21943	34	0.33029	0.32909
orig_mask	ZNF622_K562	3529	0.55014	0.54533	0.41358	0.41203	3529	0.55293	0.553
orig_mask	ZNF800_HepG2	719	0.53413	0.50436	0.39253	0.37894	719	0.53198	0.53029
orig_mask	ZNF800_K562	309	0.50724	0.47279	0.40921	0.39309	309	0.51777	0.51416
orig_mask	ZRANB2_K562	137	0.35936	0.34339	0.28968	0.27592	137	0.37309	0.37378
